"","PassengerId","Survived","Pclass","Name","NameLength","Sex","SibSpouse","ParentsChild","TicketNumber","Cabin","Age_Months","HometownCountry","Boarded","Destination","DestinationCountry","Lifeboat","LifeboatSupport"
"865",892,"0",3,"Kelly, Mr. James",16,"male",0,0,"330911","",228,"Ireland","Southampton","New York City","US","","No"
"866",893,"1",3,"Wilkes, Mrs. James ",19,"female",1,0,"363272","",564,"England","Southampton","Akron, Ohio, US","US","16","Yes"
"867",894,"0",2,"Myles, Mr. Thomas Francis",25,"male",0,0,"240276","",756,"Ireland","Queenstown","Waban, Massachusetts, US","US","","No"
"868",895,"0",3,"Wirz, Mr. Albert",16,"male",0,0,"315154","",324,"Switzerland","Southampton","Beloit, Wisconsin, US","US","","No"
"869",896,"1",3,"Hirvonen, Mrs. Alexander ",25,"female",1,1,"3101298","",264,"Finland","Southampton","Monessen, Pennsylvania, US","US","15","Yes"
"870",897,"1",3,"Svensson, Mr. Johan Cervin",26,"male",0,0,"7538","",168,"Sweden","Southampton","Beresford, South Dakota, US","US","13","Yes"
"871",898,"0",3,"Connolly, Miss. Kate",20,"female",0,0,"330972","",420,"Ireland","Queenstown","Dobbs Ferry, New York, US","US","","No"
"872",899,"1",2,"Caldwell, Mr. Albert Francis",28,"male",1,1,"248738","",312,"Bangkok","Southampton","Roseville, Illinois, US","US","13","Yes"
"873",900,"1",3,"Abrahim, Mrs. Joseph ",21,"female",0,0,"2657","",216,"Syria","Cherbourg","Greensburg, Pennsylvania, US","US","C","Yes"
"874",901,"0",3,"Davies, Mr. John Samuel",23,"male",2,0,"A/4 48871","",252,"England","Southampton","Pontiac, Michigan, US","US","","No"
"875",902,"0",3,"Ilieff, Mr. Ylio",16,"male",0,0,"349220","",384,"Bulgaria","Southampton","Chicago, Illinois, US","US","","No"
"876",903,"0",1,"Jones, Mr. Charles Cresson",26,"male",0,0,"694","",552,"US","Southampton","Bennington, Vermont, US","US","","No"
"877",904,"1",1,"Snyder, Mrs. John Pillsbury ",28,"female",1,0,"21228","B45",276,"US","Southampton","Minneapolis, Minnesota, US","US","7","Yes"
"878",905,"0",2,"Howard, Mr. Benjamin",20,"male",1,0,"24065","",756,"England","Southampton","Idaho, US","US","","No"
"879",906,"1",1,"Chaffee, Mrs. Herbert Fuller ",29,"female",1,0,"W.E.P. 5734","E31",564,"US","Southampton","Amenia, North Dakota, US","US","4","Yes"
"880",907,"1",2,"del Carlo, Mrs. Sebastiano ",27,"female",1,0,"SC/PARIS 2167","",288,"Italy","Cherbourg","Chicago, Illinois, US","US","11","Yes"
"881",908,"0",2,"Keane, Mr. Daniel",17,"male",0,0,"233734","",420,"Ireland","Queenstown","St Louis, Missouri, US","US","","No"
"882",909,"0",3,"Assaf, Mr. Gerios",17,"male",0,0,"2692","",252,"Lebanon","Cherbourg","Ottawa, Ontario, Canada","Canada","","No"
"883",910,"0",3,"Ilmakangas, Miss. Ida Livija",28,"female",1,0,"STON/O2. 3101270","",324,"US","Southampton","New York City","US","","No"
"884",911,"1",3,"Assaf Khalil, Mrs. Mariana ",27,"female",0,0,"2696","",540,"Lebanon","Cherbourg","Ottawa, Ontario, Canada","Canada","C","Yes"
"885",912,"0",1,"Rothschild, Mr. Martin",22,"male",1,0,"PC 17603","",552,"US","Cherbourg","New York, New York, US","US","","No"
"886",913,"1",3,"Olsen, Master. Artur Karl",25,"male",0,1,"C 17368","",108,"Norway","Southampton","Brooklyn, New York, US","US","13","Yes"
"887",914,"1",1,"Flegenheim, Mrs. Alfred ",24,"female",0,0,"PC 17598","",576,"US","Cherbourg","New York, New York, US","US","7","Yes"
"888",915,"1",1,"Williams, Mr. Richard Norris II",31,"male",0,1,"PC 17597","",252,"Switzerland","Cherbourg","Radnor, Pennsylvania, US","US","A","Yes"
"889",917,"0",3,"Robins, Mr. Alexander A",23,"male",1,0,"A/5. 3337","",600,"England","Southampton","Yonkers, New York, US","US","","No"
"890",918,"1",1,"Ostby, Miss. Helene Ragnhild",28,"female",0,1,"113509","B36",264,"US","Southampton","Providence, Rhode Island, US","US","5","Yes"
"891",919,"0",3,"Daher, Mr. Shedid",17,"male",0,0,"2698","",228,"Lebanon","Cherbourg","Kulpmont, Pennsylvania, US","US","","No"
"892",920,"0",1,"Brady, Mr. John Bertram",23,"male",0,0,"113054","A21",492,"US","Southampton","Pomeroy, Washington, US","US","","No"
"893",921,"0",3,"Samaan, Mr. Elias",17,"male",2,0,"2662","",204,"Lebanon","Cherbourg","Wilkes-Barre, Pennsylvania, US","US","","No"
"894",922,"0",2,"Louch, Mr. Charles Alexander",28,"male",1,0,"SC/AH 3085","",600,"England","Southampton","New York City","US","","No"
"895",923,"0",2,"Jefferys, Mr. Clifford Thomas",29,"male",2,0,"C.A. 31029","",288,"Channel Islands","Southampton","Elizabeth, New Jersey, US","US","","No"
"896",924,"1",3,"Dean, Mrs. Bertram ",19,"female",1,2,"C.A. 2315","",384,"England","Southampton","Wichita, Kansas, US","US","10","Yes"
"897",925,"0",3,"Johnston, Mrs. Andrew G ",24,"female",1,2,"W./C. 6607","",408,"England","Southampton","New London, Connecticut, US","US","","No"
"898",926,"1",1,"Mock, Mr. Philipp Edmund",24,"male",1,0,"13236","C78",360,"US","Cherbourg","New York, New York, US","US","11","Yes"
"899",927,"0",3,"Katavelas, Mr. Vassilios ",25,"male",0,0,"2682","",228,"Greece","Cherbourg","Milwaukee, Wisconsin, US","US","","No"
"900",928,"1",3,"Roth, Miss. Sarah A",19,"female",0,0,"342712","",312,"England","Southampton","New York City","US","C","Yes"
"901",929,"0",3,"Cacic, Miss. Manda",18,"female",0,0,"315087","",252,"Croatia","Southampton","Chicago, Illinois, US","US","","No"
"902",930,"1",3,"Sap, Mr. Julius",15,"male",0,0,"345768","",252,"Belgium","Southampton","Detroit, Michigan, US","US","11","Yes"
"903",931,"0",3,"Hee, Mr. Ling",13,"male",0,0,"1601","",336,"China","Southampton","New York City","US","","No"
"904",932,"1",3,"Karun, Mr. Franz",16,"male",0,1,"349256","",468,"Slovenia","Southampton","Galesburg, Illinois, US","US","15","Yes"
"905",933,"0",1,"Franklin, Mr. Thomas Parham",27,"male",0,0,"113778","D34",444,"England","Southampton","New York, New York, US","US","","No"
"906",934,"0",3,"Goldsmith, Mr. Nathan",21,"male",0,0,"SOTON/O.Q. 3101263","",492,"Russia","Southampton","Philadelphia, Pennsylvania, US","US","","No"
"907",935,"0",2,"Corbett, Mrs. Walter H ",23,"female",0,0,"237249","",360,"US","Southampton","Provo, Utah, US","US","","No"
"908",936,"1",1,"Kimball, Mrs. Edwin Nelson Jr ",30,"female",1,0,"11753","D19",540,"US","Southampton","Boston, Massachusetts, US","US","5","Yes"
"909",937,"0",3,"Peltomaki, Mr. Nikolai Johannes",31,"male",0,0,"STON/O 2. 3101291","",300,"Finland","Southampton","New York City","US","","No"
"910",938,"1",1,"Chevre, Mr. Paul Romaine",24,"male",0,0,"PC 17594","A9",540,"France","Cherbourg","Ottawa, Ontario, Canada","Canada","7","Yes"
"911",939,"0",3,"Shaughnessy, Mr. Patrick",24,"male",0,0,"370374","",288,"Ireland","Queenstown","New York City","US","","No"
"912",940,"1",1,"Bucknell, Mrs. William Robert ",30,"female",0,0,"11813","D15",708,"US","Cherbourg","Philadelphia, Pennsylvania, US","US","8","Yes"
"913",941,"1",3,"Coutts, Mrs. William ",21,"female",0,2,"C.A. 37671","",432,"England","Southampton","Brooklyn, New York, US","US","2","Yes"
"914",942,"0",1,"Smith, Mr. Lucien Philip",24,"male",1,0,"13695","C31",288,"US","Cherbourg","Huntington, West Virginia, US","US","","No"
"915",943,"0",2,"Pulbaum, Mr. Franz",18,"male",0,0,"SC/PARIS 2168","",324,"US","Southampton","New York City","US","","No"
"916",944,"1",2,"Hocking, Miss. Ellen Nellie",27,"female",2,1,"29105","",240,"England","Southampton","Akron, Ohio, US","US","4","Yes"
"917",945,"1",1,"Fortune, Miss. Ethel Flora",26,"female",3,2,"19950","C23 C25 C27",336,"Canada","Southampton","Winnipeg, Manitoba, Canada","Canada","10","Yes"
"918",946,"0",2,"Mangiavacchi, Mr. Serafino Emilio",33,"male",0,0,"SC/A.3 2861","",360,"France","Cherbourg","New York City","US","","No"
"919",947,"0",3,"Rice, Master. Albert",20,"male",4,1,"382652","",120,"Ireland","Queenstown","Spokane, Washington, US","US","","No"
"920",948,"0",3,"Cor, Mr. Bartol",15,"male",0,0,"349230","",420,"Croatia","Southampton","Great Falls, Montana, US","US","","No"
"921",949,"1",3,"Abelseth, Mr. Olaus Jorgensen",29,"male",0,0,"348122","F G63",300,"US","Southampton","Perkins County, South Dakota, US","US","A","Yes"
"922",950,"0",3,"Davison, Mr. Thomas Henry",25,"male",1,0,"386525","",384,"England","Southampton","Bedford, Indiana, US","US","","No"
"923",951,"1",1,"Chaudanson, Miss. Victorine",27,"female",0,0,"PC 17608","B61",432,"US","Cherbourg","Cooperstown, New York, US","US","4","Yes"
"924",952,"0",3,"Dika, Mr. Mirko",15,"male",0,0,"349232","",204,"Croatia","Southampton","Vancouver, British Columbia, Canada","Canada","","No"
"925",953,"0",2,"McCrae, Mr. Arthur Gordon",25,"male",0,0,"237216","",384,"Australia","Southampton","Canada","Canada","","No"
"926",954,"0",3,"Bjorklund, Mr. Ernst Herbert",28,"male",0,0,"347090","",216,"Sweden","Southampton","New York City","US","","No"
"927",955,"1",3,"Bradley, Miss. Bridget Delia",28,"female",0,0,"334914","",264,"Ireland","Queenstown","Glen Falls, New York, US","US","13","Yes"
"928",956,"1",1,"Ryerson, Master. John Borie",27,"male",2,2,"PC 17608","B57 B59 B63 B66",156,"US","Cherbourg","Cooperstown, New York, US","US","4","Yes"
"929",957,"0",2,"Corey, Mrs. Percy C ",20,"female",0,0,"F.C.C. 13534","",360,"US","Southampton","Pittsburgh, Pennsylvania, US","US","","No"
"930",958,"0",3,"Burns, Miss. Mary Delia",23,"female",0,0,"330963","",204,"Ireland","Queenstown","New York City","US","","No"
"931",959,"0",1,"Moore, Mr. Clarence Bloomfield",30,"male",0,0,"113796","",564,"US","Southampton","Washington, DC, US","US","","No"
"932",960,"1",1,"Tucker, Mr. Gilbert Milligan Jr",31,"male",0,0,"2543","C53",372,"US","Cherbourg","Albany, New York, US","US","7","Yes"
"933",962,"1",3,"Mulvihill, Miss. Bertha E",25,"female",0,0,"382653","",300,"Ireland","Queenstown","Providence, Rhode Island, US","US","15","Yes"
"934",963,"0",3,"Minkoff, Mr. Lazar",18,"male",0,0,"349211","",252,"Bulgaria","Southampton","Chicago, Illinois, US","US","","No"
"935",964,"0",3,"Nieminen, Miss. Manta Josefina",30,"female",0,0,"3101297","",348,"Finland","Southampton","Aberdeen, Washington, US","US","","No"
"936",965,"0",1,"Ovies y Rodriguez, Mr. Servando",31,"male",0,0,"PC 17562","D43",432,"Cuba","Cherbourg","Havana, Cuba","Cuba","","No"
"937",966,"1",1,"Geiger, Miss. Amalie",20,"female",0,0,"113503","C130",420,"US","Southampton","Philadelphia, Pennsylvania, US","US","4","Yes"
"938",967,"0",1,"Keeping, Mr. Edwin",18,"male",0,0,"113503","C132",396,"US","Southampton","Philadelphia, Pennsylvania, US","US","","No"
"939",968,"0",3,"Miles, Mr. Frank",16,"male",0,0,"359306","",276,"England","Southampton","New York City","US","","No"
"940",969,"1",1,"Cornell, Mrs. Robert Clifford ",30,"female",2,0,"11770","C101",660,"US","Southampton","New York, New York, US","US","2","Yes"
"941",970,"0",2,"Aldworth, Mr. Charles Augustus",30,"male",0,0,"248744","",360,"US","Southampton","Bryn Mawr, Pennsylvania, US","US","","No"
"942",971,"0",3,"Doyle, Miss. Elizabeth",22,"female",0,0,"368702","",288,"Ireland","Queenstown","New York City","US","","No"
"943",972,"0",3,"Boulos, Master. Akar",20,"male",1,1,"2678","",108,"Lebanon","Cherbourg","Kent, British Columbia, Canada","Canada","","No"
"944",973,"0",1,"Straus, Mr. Isidor",18,"male",1,0,"PC 17483","C55 C57",804,"US","Southampton","New York, New York, US","US","","No"
"945",974,"0",1,"Case, Mr. Howard Brown",22,"male",0,0,"19924","",588,"England","Southampton","Rochester, New York, US","US","","No"
"946",975,"0",3,"Demetri, Mr. Marinko",20,"male",0,0,"349238","",276,"Macedonia","Southampton","New York City","US","","No"
"947",976,"0",2,"Lamb, Mr. John Joseph",21,"male",0,0,"240261","",360,"Ireland","Queenstown","Providence, Rhode Island, US","US","","No"
"948",977,"0",3,"Khalil, Mr. Betros",18,"male",1,0,"2660","",300,"Lebanon","Cherbourg","Wilkes Barre, Pennsylvania, US","US","","No"
"949",978,"0",3,"Barry, Miss. Julia",18,"female",0,0,"330844","",312,"US","Queenstown","New York City","US","","No"
"950",979,"1",3,"Badman, Miss. Emily Louisa",26,"female",0,0,"A/4 31416","",216,"England","Southampton","Skaneateles, New York, US","US","C","Yes"
"951",980,"0",3,"O'Donoghue, Ms. Bridget",23,"female",0,0,"364856","",252,"Ireland","Queenstown","Chicago, Illinois, US","US","","No"
"952",981,"1",2,"Wells, Master. Ralph Lester",27,"male",1,1,"29103","",24,"England","Southampton","Akron, Ohio, US","US","14","Yes"
"953",982,"1",3,"Dyker, Mrs. Adolf Fredrik ",26,"female",1,0,"347072","",264,"US","Southampton","New Haven, Connecticut, US","US","16","Yes"
"954",983,"0",3,"Pedersen, Mr. Olaf",18,"male",0,0,"345498","",336,"Norway","Southampton","Seattle, Washington, US","US","","No"
"955",984,"1",1,"Davidson, Mrs. Thornton ",24,"female",1,2,"F.C. 12750","B71",324,"Canada","Southampton","Montreal, Quebec, Canada","Canada","3","Yes"
"956",985,"0",3,"Guest, Mr. Robert",17,"male",0,0,"376563","",384,"England","Southampton","Clinton, New York, US","US","","No"
"957",986,"0",1,"Birnbaum, Mr. Jakob",19,"male",0,0,"13905","",288,"Belgium","Cherbourg","San Francisco, California, US","US","","No"
"958",987,"1",3,"Tenglin, Mr. Gunnar Isidor",26,"male",0,0,"350033","",300,"Sweden","Southampton","Burlington, Iowa, US","US","13","Yes"
"959",988,"1",1,"Cavendish, Mrs. Tyrell William ",31,"female",1,0,"19877","C46",300,"England","Southampton","New York, New York, US","US","6","Yes"
"960",989,"0",3,"Makinen, Mr. Kalle Edvard",25,"male",0,0,"STON/O 2. 3101268","",348,"Finland","Southampton","Glassport, Pennsylvania, US","US","","No"
"961",990,"0",3,"Braf, Miss. Elin Ester Maria",28,"female",0,0,"347471","",240,"Sweden","Southampton","Chicago, Illinois, US","US","","No"
"962",991,"0",3,"Nancarrow, Mr. William Henry",28,"male",0,0,"A./5. 3338","",396,"England","Southampton","Yonkers, New York, US","US","","No"
"963",992,"1",1,"Stengel, Mrs. Charles Emil Henry ",33,"female",1,0,"11778","C116",528,"US","Cherbourg","Newark, New Jersey, US","US","5","Yes"
"964",993,"0",2,"Weisz, Mr. Leopold",18,"male",1,0,"228414","",336,"England","Southampton","Montreal, Quebec, Canada","Canada","","No"
"965",994,"0",3,"Foley, Mr. William",18,"male",0,0,"365235","",240,"Ireland","Queenstown","New York City","US","","No"
"966",995,"1",3,"Johansson Palmquist, Mr. Oskar Leander",38,"male",0,0,"347070","",312,"Sweden","Southampton","New Haven, Connecticut, US","US","15","Yes"
"967",996,"1",3,"Thomas, Mrs. Alexander ",23,"female",1,1,"2625","",192,"Lebanon","Cherbourg","Wilkes Barre, Pennsylvania, US","US","14","Yes"
"968",997,"0",3,"Holthen, Mr. Johan Martin",25,"male",0,0,"C 4001","",336,"Norway","Southampton","New York City","US","","No"
"969",998,"1",3,"Buckley, Mr. Daniel",19,"male",0,0,"330920","",252,"Ireland","Queenstown","New York City","US","13","Yes"
"970",999,"1",3,"Ryan, Mr. Edward",16,"male",0,0,"383162","",288,"Ireland","Queenstown","Troy, New York, US","US","14","Yes"
"971",1000,"0",3,"Willer, Mr. Aaron ",18,"male",0,0,"3410","",444,"Russia","Cherbourg","Chicago, Illinois, US","US","","No"
"972",1001,"0",2,"Swane, Mr. George",17,"male",0,0,"248734","F",228,"Canada","Southampton","Montreal, Quebec, Canada","Canada","","No"
"973",1002,"0",2,"Stanton, Mr. Samuel Ward",24,"male",0,0,"237734","",504,"US","Southampton","New York City","US","","No"
"974",1003,"0",3,"Shine, Miss. Ellen Natalia",26,"female",0,0,"330968","",240,"Ireland","Queenstown","New York City","US","","No"
"975",1004,"0",1,"Evans, Miss. Edith Corse",24,"female",0,0,"PC 17531","A29",432,"US","Cherbourg","New York, New York, US","US","","No"
"976",1005,"0",3,"Buckley, Miss. Katherine",24,"female",0,0,"329944","",264,"Ireland","Queenstown","Roxbury, Massachusetts, US","US","","No"
"977",1006,"0",1,"Straus, Mrs. Isidor ",20,"female",1,0,"PC 17483","C55 C57",756,"US","Southampton","New York, New York, US","US","","No"
"978",1007,"0",3,"Chronopoulos, Mr. Demetrios",27,"male",1,0,"2680","",216,"Greece","Cherbourg","New York City","US","","No"
"979",1008,"0",3,"Thomas, Mr. John",16,"male",0,0,"2681","",408,"Unknown","Cherbourg","Columbus, Ohio, US","US","","No"
"980",1009,"1",3,"Sandstrom, Miss. Beatrice Irene",31,"female",1,1,"PP 9549","G6",12,"Sweden","Southampton","San Francisco, US","US","13","Yes"
"981",1010,"1",1,"Beattie, Mr. Thomson",20,"male",0,0,"13050","C6",432,"Canada","Southampton","Fergus, Ontario, Canada","Canada","A","Yes"
"982",1011,"0",2,"Chapman, Mrs. John Henry ",25,"female",1,0,"SC/AH 29037","",336,"England","Southampton","Spokane, Washington, US","US","","No"
"983",1012,"1",2,"Watt, Miss. Bertha J",20,"female",0,0,"C.A. 33595","",144,"Scotland","Southampton","Portland, Oregon, US","US","9","Yes"
"984",1013,"0",3,"Kiernan, Mr. John",17,"male",1,0,"367227","",288,"US","Queenstown","Jersey City, New Jersey, US","US","","No"
"985",1014,"1",1,"Schabert, Mrs. Paul ",20,"female",1,0,"13236","C28",420,"Germany","Southampton","New York, New York, US","US","11","Yes"
"986",1015,"0",3,"Carver, Mr. Alfred John",23,"male",0,0,"392095","",336,"England","Southampton","New York City","US","","No"
"987",1016,"1",3,"Kennedy, Mr. John",17,"male",0,0,"368783","",288,"Ireland","Queenstown","New York City","US","15","Yes"
"988",1017,"1",3,"Cribb, Miss. Laura Alice",24,"female",0,1,"371362","",192,"England","Southampton","Newark, New Jersey, US","US","12","Yes"
"989",1018,"0",3,"Brobeck, Mr. Karl Rudolf",24,"male",0,0,"350045","",264,"Sweden","Southampton","Worcester, Massachusetts, US","US","","No"
"990",1019,"1",3,"McCoy, Miss. Alicia",19,"female",2,0,"367226","",312,"Ireland","Queenstown","Brooklyn, New York, US","US","16","Yes"
"991",1020,"0",2,"Bowenur, Mr. Solomon",20,"male",0,0,"211535","",504,"England","Southampton","New York City","US","","No"
"992",1021,"0",3,"Petersen, Mr. Marius",20,"male",0,0,"342441","",288,"England","Southampton","New York City","US","","No"
"993",1022,"0",3,"Spinner, Mr. Henry John",23,"male",0,0,"STON/OQ. 369943","",384,"England","Southampton","Gloversville, New York, US","US","","No"
"994",1023,"1",1,"Gracie, Col. Archibald IV",25,"male",0,0,"113780","C51",636,"US","Southampton","Washington, DC, US","US","B","Yes"
"995",1025,"0",3,"Thomas, Mr. Charles P",21,"male",1,0,"2621","",372,"Lebanon","Cherbourg","Wilkes Barre, Pennsylvania, US","US","","No"
"996",1026,"0",3,"Dintcheff, Mr. Valtcho",22,"male",0,0,"349226","",516,"Bulgaria","Southampton","Tulsa, Oklahoma, US","US","","No"
"997",1027,"0",3,"Carlsson, Mr. Carl Robert",25,"male",0,0,"350409","",288,"Sweden","Southampton","Huntley, Illinois, US","US","","No"
"998",1028,"0",3,"Zakarian, Mr. Mapriededer",25,"male",0,0,"2656","",264,"Turkey","Cherbourg","Brantford, Ontario, Canada","Canada","","No"
"999",1029,"0",2,"Schmidt, Mr. August",19,"male",0,0,"248659","",312,"US","Southampton","Newark, New Jersey, US","US","","No"
"1000",1030,"1",3,"Drapkin, Miss. Jennie",21,"female",0,0,"SOTON/OQ 392083","",288,"Belarus","Southampton","New York City","US","13","Yes"
"1001",1033,"1",1,"Daniels, Miss. Sarah",20,"female",0,0,"113781","",396,"Canada","Southampton","Montreal, Quebec, Canada","Canada","8","Yes"
"1002",1035,"0",2,"Beauchamp, Mr. Henry James",26,"male",0,0,"244358","",336,"England","Southampton","New York City","US","","No"
"1003",1036,"0",1,"Lindeberg-Lind, Mr. Erik Gustaf ",32,"male",0,0,"17475","",504,"Sweden","Southampton","New York, New York, US","US","","No"
"1004",1037,"0",3,"Vander Planke, Mr. Julius",25,"male",3,0,"345763","",372,"Belgium","Southampton","Fremont, Ohio, US","US","","No"
"1005",1038,"0",1,"Hilliard, Mr. Herbert Henry",27,"male",0,0,"17463","E46",528,"US","Southampton","Brighton, Massachusetts, US","US","","No"
"1006",1039,"0",3,"Davies, Mr. Evan",16,"male",0,0,"SC/A4 23568","",264,"Australia","Southampton","Pontiac, Michigan, US","US","","No"
"1007",1040,"0",1,"Crafton, Mr. John Bertram",25,"male",0,0,"113791","",708,"US","Southampton","Roachdale, Indiana, US","US","","No"
"1008",1041,"0",2,"Lahtinen, Rev. William",22,"male",1,1,"250651","",420,"US","Southampton","Minneapolis, Minnesota, US","US","","No"
"1009",1042,"0",1,"Earnshaw, Mrs. Boulton ",23,"female",0,1,"11767","C54",351,"","","","","","No"
"1010",1043,"0",3,"Matinoff, Mr. Nicola",20,"male",0,0,"349255","",360,"Bulgaria","Cherbourg","Madison, Wisconsin, US","US","","No"
"1011",1044,"0",3,"Storey, Mr. Thomas",18,"male",0,0,"3701","",612,"England","Southampton","New York City","US","","No"
"1012",1045,"0",3,"Klasen, Mrs. ",13,"female",0,2,"350405","",432,"Sweden","Southampton","Los Angeles, US","US","","No"
"1013",1046,"0",3,"Asplund, Master. Filip Oscar",28,"male",4,2,"347077","",156,"Sweden","Southampton","Worcester, Massachusetts, US","US","","No"
"1014",1047,"1",3,"Duquemin, Mr. Joseph",20,"male",0,0,"S.O./P.P. 752","",228,"Channel Islands","Southampton","Albion, New York, US","US","D","Yes"
"1015",1048,"1",1,"Bird, Miss. Ellen",17,"female",0,0,"PC 17483","C97",372,"US","Southampton","New York, New York, US","US","8","Yes"
"1016",1049,"0",3,"Lundin, Miss. Olga Elida",24,"female",0,0,"347469","",351,"","","","","","No"
"1017",1050,"0",1,"Borebank, Mr. John James",24,"male",0,0,"110489","D22",504,"England","Southampton","Toronto, Ontario, Canada","Canada","","No"
"1018",1051,"0",3,"Peacock, Mrs. Benjamin ",23,"female",0,2,"SOTON/O.Q. 3101315","",312,"England","Southampton","Elizabeth, New Jersey, US","US","","No"
"1019",1052,"1",3,"Smyth, Miss. Julia",18,"female",0,0,"335432","",204,"Ireland","Queenstown","New York City","US","13","Yes"
"1020",1053,"1",3,"Touma, Master. Georges Youssef",30,"male",1,1,"2650","",96,"Lebanon","Cherbourg","Dowagiac, Michigan, US","US","C","Yes"
"1021",1054,"1",2,"Wright, Miss. Marion",20,"female",0,0,"220844","",312,"England","Southampton","Cottage Grove, Oregon, US","US","9","Yes"
"1022",1055,"0",3,"Pearce, Mr. Ernest",18,"male",0,0,"343271","",384,"England","Southampton","New York City","US","","No"
"1023",1056,"0",2,"Peruschitz, Rev. Joseph Maria",29,"male",0,0,"237393","",336,"Germany","Southampton","St. Cloud, Minnesota, US","US","","No"
"1024",1057,"1",3,"Kink-Heilmann, Mrs. Anton ",26,"female",1,1,"315153","",312,"Switzerland","Southampton","Milwaukee, Wisconsin, US","US","2","Yes"
"1025",1058,"0",1,"Brandeis, Mr. Emil",18,"male",0,0,"PC 17591","B10",576,"US","Cherbourg","Omaha, Nebraska, US","US","","No"
"1026",1059,"0",3,"Ford, Mr. Edward Watson",23,"male",2,2,"W./C. 6608","",216,"England","Southampton","Essex County, New Jersey, US","US","","No"
"1027",1060,"1",1,"Cassebeer, Mrs. Henry Arthur Jr ",32,"female",0,0,"17770","",432,"US","Cherbourg","New York, New York, US","US","5","Yes"
"1028",1061,"1",3,"Hellstrom, Miss. Hilda Maria",28,"female",0,0,"7548","",264,"Sweden","Southampton","Evanston, Illinois, US","US","C","Yes"
"1029",1062,"0",3,"Lithman, Mr. Simon",18,"male",0,0,"S.O./P.P. 251","",312,"Scotland","Southampton","New York City","US","","No"
"1030",1063,"0",3,"Zakarian, Mr. Ortin",19,"male",0,0,"2670","",324,"Turkey","Cherbourg","Brantford, Ontario, Canada","Canada","","No"
"1031",1064,"0",3,"Dyker, Mr. Adolf Fredrik",24,"male",1,0,"347072","",276,"US","Southampton","New Haven, Connecticut, US","US","","No"
"1032",1065,"0",3,"Torfa, Mr. Assad",16,"male",0,0,"2673","",240,"Syria","Cherbourg","New York City","US","","No"
"1033",1067,"1",2,"Brown, Miss. Edith Eileen",25,"female",0,2,"29750","",180,"South Africa","Southampton","Seattle, Washington, US","US","14","Yes"
"1034",1068,"1",2,"Sincock, Miss. Maude",20,"female",0,0,"C.A. 33112","",240,"England","Southampton","Hancock, Michigan, US","US","11","Yes"
"1035",1069,"1",1,"Stengel, Mr. Charles Emil Henry",31,"male",1,0,"11778","C116",648,"US","Cherbourg","Newark, New Jersey, US","US","1","Yes"
"1036",1071,"1",1,"Compton, Mrs. Alexander Taylor ",31,"female",0,2,"PC 17756","E45",768,"US","Cherbourg","Lakewood, New Jersey, US","US","14","Yes"
"1037",1072,"0",2,"McCrie, Mr. James Matthew",25,"male",0,0,"233478","",384,"Canada","Southampton","Sarnia, Ontario, Canada","Canada","","No"
"1038",1073,"0",1,"Compton, Mr. Alexander Taylor Jr",32,"male",1,1,"PC 17756","E52",444,"US","Cherbourg","Lakewood, New Jersey, US","US","","No"
"1039",1074,"1",1,"Marvin, Mrs. Daniel Warner ",27,"female",1,0,"113773","D30",216,"US","Southampton","New York, New York, US","US","10","Yes"
"1040",1075,"0",3,"Lane, Mr. Patrick",17,"male",0,0,"7935","",192,"Ireland","Queenstown","New York City","US","","No"
"1041",1076,"1",1,"Douglas, Mrs. Frederick Charles ",32,"female",1,1,"PC 17558","B58 B60",324,"Canada","Cherbourg","Montreal, Quebec, Canada","Canada","6","Yes"
"1042",1077,"0",2,"Maybery, Mr. Frank Hubert",25,"male",0,0,"239059","",432,"England","Southampton","Moose Jaw, Saskatchewan, Canada","Canada","","No"
"1043",1078,"1",2,"Phillips, Miss. Alice Frances Louisa",36,"female",0,1,"S.O./P.P. 2","",252,"England","Southampton","New Brighton, Pennsylvania, US","US","12","Yes"
"1044",1079,"0",3,"Davies, Mr. Joseph",18,"male",2,0,"A/4 48873","",204,"England","Southampton","Pontiac, Michigan, US","US","","No"
"1045",1081,"0",2,"Veal, Mr. James",15,"male",0,0,"28221","",480,"US","Southampton","Barre, Vermont, US","US","","No"
"1046",1082,"0",2,"Angle, Mr. William A",20,"male",1,0,"226875","",384,"England","Southampton","New York City","US","","No"
"1047",1083,"1",1,"Salomon, Mr. Abraham L",22,"male",0,0,"111163","",516,"US","Cherbourg","New York, New York, US","US","1","Yes"
"1048",1084,"0",3,"van Billiard, Master. Walter John",33,"male",1,1,"A/5. 851","",108,"England","Southampton","North Wales, Pennsylvania, US","US","","No"
"1049",1085,"0",2,"Lingane, Mr. John",17,"male",0,0,"235509","",732,"US","Southampton","Chelsea, Michigan, US","US","","No"
"1050",1086,"1",2,"Drew, Master. Marshall Brines",29,"male",0,2,"28220","",96,"US","Southampton","Greenport, New York, US","US","10","Yes"
"1051",1087,"0",3,"Karlsson, Mr. Julius Konrad Eugen",33,"male",0,0,"347465","",396,"Sweden","Southampton","New York City","US","","No"
"1052",1088,"1",1,"Spedden, Master. Robert Douglas",31,"male",0,2,"16966","E34",72,"US","Cherbourg","Tuxedo Park, New York, US","US","3","Yes"
"1053",1089,"1",3,"Nilsson, Miss. Berta Olivia",27,"female",0,0,"347066","",216,"Sweden","Southampton","Missoula, Montana, US","US","D","Yes"
"1054",1090,"0",2,"Baimbrigge, Mr. Charles Robert",30,"male",0,0,"C.A. 31030","",276,"Channel Islands","Southampton","New York City","US","","No"
"1055",1091,"0",3,"Rasmussen, Mrs. ",16,"female",0,0,"65305","",744,"Norway","Southampton","Centerville, South Dakota, US","US","","No"
"1056",1092,"1",3,"Murphy, Miss. Nora",18,"female",0,0,"36568","",408,"Ireland","Queenstown","New York City","US","16","Yes"
"1057",1093,"0",3,"Danbom, Master. Gilbert Sigvard Emanuel",39,"male",0,2,"347080","",4,"Sweden","Southampton","Stanton, Iowa, US","US","","No"
"1058",1094,"0",1,"Astor, Col. John Jacob",22,"male",1,0,"PC 17757","C62 C64",564,"US","Cherbourg","New York, New York, US","US","","No"
"1059",1095,"1",2,"Quick, Miss. Winifred Vera",26,"female",1,1,"26360","",96,"England","Southampton","Detroit, Michigan, US","US","11","Yes"
"1060",1096,"0",2,"Andrew, Mr. Frank Thomas",24,"male",0,0,"C.A. 34050","",360,"England","Southampton","Houghton, Michigan, US","US","","No"
"1061",1097,"1",1,"Omont, Mr. Alfred Fernand",25,"male",0,0,"F.C. 12998","",348,"France","Cherbourg","New York, New York, US","US","7","Yes"
"1062",1098,"0",3,"McGowan, Miss. Katherine",24,"female",0,0,"9232","",504,"Ireland","Queenstown","Chicago, Illinois, US","US","","No"
"1063",1099,"1",2,"Collett, Mr. Sidney C Stuart",28,"male",0,0,"28034","",300,"England","Southampton","Port Byron, New York, US","US","9","Yes"
"1064",1100,"1",1,"Rosenbaum, Miss. Edith Louise",29,"female",0,0,"PC 17613","A11",408,"France","Cherbourg","Cincinnati, Ohio, US","US","11","Yes"
"1065",1101,"0",3,"Delalic, Mr. Redjo",18,"male",0,0,"349250","",300,"Bosnia","Southampton","Harrisburg, Pennsylvania, US","US","","No"
"1066",1102,"0",3,"Andersen, Mr. Albert Karvin",27,"male",0,0,"C 4001","",396,"Norway","Southampton","New York City","US","","No"
"1067",1103,"1",3,"Finoli, Mr. Luigi",17,"male",0,0,"SOTON/O.Q. 3101308","",408,"US","Southampton","Philadelphia, Pennsylvania, US","US","15","Yes"
"1068",1104,"0",2,"Deacon, Mr. Percy William",25,"male",0,0,"S.O.C. 14879","",240,"England","Southampton","Boston, Massachusetts, US","US","","No"
"1069",1105,"0",2,"Howard, Mrs. Benjamin ",22,"female",1,0,"24065","",720,"England","Southampton","Idaho, US","US","","No"
"1070",1106,"0",3,"Andersson, Miss. Ida Augusta Margareta",38,"female",4,2,"347091","",456,"Sweden","Southampton","Manistee, Michigan, US","US","","No"
"1071",1107,"0",1,"Head, Mr. Christopher",21,"male",0,0,"113038","B11",504,"England","Southampton","New York, New York, US","US","","No"
"1072",1108,"0",3,"Mahon, Miss. Bridget Delia",26,"female",0,0,"330924","",240,"Ireland","Queenstown","New York City","US","","No"
"1073",1109,"0",1,"Wick, Mr. George Dennick",24,"male",1,1,"36928","",696,"US","Southampton","Youngstown, Ohio, US","US","","No"
"1074",1110,"1",1,"Widener, Mrs. George Dunton ",28,"female",1,1,"113503","C80",600,"US","Southampton","Philadelphia, Pennsylvania, US","US","4","Yes"
"1075",1111,"0",3,"Thomson, Mr. Alexander Morrison",31,"male",0,0,"32302","",432,"Scotland","Southampton","New York City","US","","No"
"1076",1112,"1",2,"Duran y More, Miss. Florentina",30,"female",1,0,"SC/PARIS 2148","",360,"Spain","Cherbourg","Havana, Cuba","Cuba","12","Yes"
"1077",1113,"0",3,"Reynolds, Mr. Harold J",22,"male",0,0,"342684","",252,"England","Southampton","Toronto, Ontario, Canada","Canada","","No"
"1078",1114,"1",2,"Cook, Mrs. ",11,"female",0,0,"W./C. 14266","F33",264,"England","Southampton","New York City","US","14","Yes"
"1079",1115,"1",3,"Karlsson, Mr. Einar Gervasius",29,"male",0,0,"350053","",252,"Sweden","Southampton","Brooklyn, New York, US","US","13","Yes"
"1080",1116,"1",1,"Candee, Mrs. Edward ",20,"female",0,0,"PC 17606","",636,"US","Cherbourg","Washington, DC, US","US","6","Yes"
"1081",1117,"1",3,"Moubarek, Mrs. George ",22,"female",0,2,"2661","",288,"Lebanon","Cherbourg","Houtzdale, Pennsylvania, US","US","C","Yes"
"1082",1118,"1",3,"Asplund, Mr. Johan Charles",26,"male",0,0,"350054","",276,"Sweden","Southampton","Minneapolis, Minnesota, US","US","13","Yes"
"1083",1119,"0",3,"McNeill, Miss. Bridget",22,"female",0,0,"370368","",324,"Ireland","Queenstown","New York City","US","","No"
"1084",1120,"0",3,"Everett, Mr. Thomas James",25,"male",0,0,"C.A. 6212","",468,"England","Southampton","Troy, New York, US","US","","No"
"1085",1121,"0",2,"Hocking, Mr. Samuel James Metcalfe",34,"male",0,0,"242963","",432,"England","Southampton","Middletown, Connecticut, US","US","","No"
"1086",1122,"0",2,"Sweet, Mr. George Frederick",27,"male",0,0,"220845","",168,"England","Southampton","Bernardsville, New Jersey, US","US","","No"
"1087",1123,"1",1,"Willard, Miss. Constance",24,"female",0,0,"113795","",252,"US","Southampton","Duluth, Minnesota, US","US","8","Yes"
"1088",1124,"0",3,"Wiklund, Mr. Karl Johan",23,"male",1,0,"3101266","",252,"Finland","Southampton","Montreal, Quebec, Canada","Canada","","No"
"1089",1125,"0",3,"Linehan, Mr. Michael",20,"male",0,0,"330971","",252,"Ireland","Queenstown","New York City","US","","No"
"1090",1126,"0",1,"Cumings, Mr. John Bradley",25,"male",1,0,"PC 17599","C85",468,"US","Cherbourg","New York, New York, US","US","","No"
"1091",1127,"0",3,"Vendel, Mr. Olof Edvin",22,"male",0,0,"350416","",348,"Sweden","Southampton","St. Paul, Minnesota, US","US","","No"
"1092",1128,"0",1,"Warren, Mr. Frank Manley",24,"male",1,0,"110813","D37",756,"US","Cherbourg","Portland, Oregon, US","US","","No"
"1093",1129,"0",3,"Baccos, Mr. Raffull",19,"male",0,0,"2679","",240,"Lebanon","Cherbourg","New York City","US","","No"
"1094",1130,"0",2,"Hiltunen, Miss. Marta",21,"female",1,1,"250650","",216,"Russia","Southampton","Detroit, Michigan, US","US","","No"
"1095",1131,"1",1,"Douglas, Mrs. Walter Donald ",28,"female",1,0,"PC 17761","C86",576,"US","Cherbourg","Minneapolis, Minnesota, US","US","2","Yes"
"1096",1132,"1",1,"Lindstrom, Mrs. Carl Johan ",27,"female",0,0,"112377","",660,"Sweden","Cherbourg","New York, New York, US","US","6","Yes"
"1097",1133,"1",2,"Christy, Mrs. ",14,"female",0,2,"237789","",540,"England","Southampton","Montreal, Quebec, Canada","Canada","12","Yes"
"1098",1134,"1",1,"Spedden, Mr. Frederic Oakley",28,"male",1,1,"16966","E34",540,"US","Cherbourg","Tuxedo Park, New York, US","US","3","Yes"
"1099",1135,"1",3,"Hyman, Mr. Abraham",18,"male",0,0,"3470","",408,"England","Southampton","Springfield, Massachusetts, US","US","C","Yes"
"1100",1136,"0",3,"Johnston, Master. William Arthur Willie",39,"male",1,2,"W./C. 6607","",96,"England","Southampton","New London, Connecticut, US","US","","No"
"1101",1137,"0",1,"Kenyon, Mr. Frederick R",23,"male",1,0,"17464","D21",492,"US","Southampton","Pittsburgh, Pennsylvania, US","US","","No"
"1102",1138,"0",2,"Karnes, Mrs. J Frank ",21,"female",0,0,"F.C.C. 13534","",336,"US","Southampton","Pittsburgh, Pennsylvania, US","US","","No"
"1103",1139,"0",2,"Drew, Mr. James Vivian",22,"male",1,1,"28220","",504,"US","Southampton","Greenport, New York, US","US","","No"
"1104",1140,"1",2,"Hold, Mrs. Stephen ",19,"female",1,0,"26707","",348,"England","Southampton","Sacramento, California, US","US","10","Yes"
"1105",1141,"0",3,"Khalil, Mrs. Betros ",20,"female",1,0,"2660","",240,"Lebanon","Cherbourg","Wilkes Barre, Pennsylvania, US","US","","No"
"1106",1142,"1",2,"West, Miss. Barbara J",21,"female",1,2,"C.A. 34651","",10,"England","Southampton","Gainesville, Florida, US","US","10","Yes"
"1107",1143,"1",3,"Abrahamsson, Mr. Abraham August Johannes",40,"male",0,0,"SOTON/O2 3101284","",240,"Finland","Southampton","Hoboken, New Jersey, US","US","15","Yes"
"1108",1144,"0",1,"Clark, Mr. Walter Miller",24,"male",1,0,"13508","C89",324,"US","Cherbourg","Los Angeles, California, US","US","","No"
"1109",1145,"0",3,"Salander, Mr. Karl Johan",24,"male",0,0,"7266","",288,"Sweden","Southampton","Red Wing, Minnesota, US","US","","No"
"1110",1146,"0",3,"Wenzel, Mr. Linhart",19,"male",0,0,"345775","",324,"Austria","Southampton","New York City","US","","No"
"1111",1147,"0",3,"MacKay, Mr. George William",26,"male",0,0,"C.A. 42795","",240,"England","Southampton","Rochester, New York, US","US","","No"
"1112",1148,"0",3,"Mahon, Mr. John",15,"male",0,0,"AQ/4 3130","",264,"Ireland","Queenstown","Patterson, New Jersey, US","US","","No"
"1113",1149,"0",3,"Niklasson, Mr. Samuel",21,"male",0,0,"363611","",336,"Sweden","Southampton","New York City","US","","No"
"1114",1150,"1",2,"Bentham, Miss. Lilian W",23,"female",0,0,"28404","",228,"US","Southampton","Rochester, New York, US","US","12","Yes"
"1115",1151,"1",3,"Midtsjo, Mr. Karl Albert",24,"male",0,0,"345501","",252,"Norway","Southampton","Chicago, Illinois, US","US","15","Yes"
"1116",1152,"1",3,"de Messemaeker, Mr. Guillaume Joseph",36,"male",1,0,"345572","",432,"US","Southampton","Tampico, Montana, US","US","15","Yes"
"1117",1153,"0",3,"Nilsson, Mr. August Ferdinand",29,"male",0,0,"350410","",252,"Sweden","Southampton","St. Paul, Minnesota, US","US","","No"
"1118",1154,"1",2,"Wells, Mrs. Arthur Henry ",25,"female",0,2,"29103","",348,"England","Southampton","Akron, Ohio, US","US","14","Yes"
"1119",1155,"0",3,"Klasen, Miss. Gertrud Emilia",28,"female",1,1,"350405","",12,"Sweden","Southampton","New York City","US","","No"
"1120",1156,"1",2,"Portaluppi, Mr. Emilio Ilario Giuseppe",38,"male",0,0,"C.A. 34644","",408,"US","Southampton","Milford, New Hampshire, US","US","14","Yes"
"1121",1157,"0",3,"Lyntakoff, Mr. Stanko",21,"male",0,0,"349235","",528,"Bulgaria","Southampton","Coon Rapids, Iowa, US","US","","No"
"1122",1158,"0",1,"Chisholm, Mr. Roderick Robert Crispin",37,"male",0,0,"112051","",480,"Ireland","Belfast","New York, New York, US","US","","No"
"1123",1159,"0",3,"Warren, Mr. Charles William",27,"male",0,0,"C.A. 49867","",360,"England","Southampton","New York City","US","","No"
"1124",1160,"1",3,"Howard, Miss. May Elizabeth",27,"female",0,0,"A. 2. 39186","",324,"England","Southampton","Albion, Michigan, US","US","C","Yes"
"1125",1161,"0",3,"Pokrnic, Mr. Mate",17,"male",0,0,"315095","",204,"Croatia","Southampton","Chicago, Illinois, US","US","","No"
"1126",1162,"0",1,"McCaffry, Mr. Thomas Francis",28,"male",0,0,"13050","C6",552,"Canada","Southampton","Vancouver, British Columbia, Canada","Canada","","No"
"1127",1163,"0",3,"Fox, Mr. Patrick",16,"male",0,0,"368573","",336,"Ireland","Queenstown","New York City","US","","No"
"1128",1164,"1",1,"Clark, Mrs. Walter Miller ",26,"female",1,0,"13508","C89",312,"US","Cherbourg","Los Angeles, California, US","US","4","Yes"
"1129",1165,"0",3,"Lennon, Miss. Mary",18,"female",1,0,"370371","",216,"Ireland","Queenstown","New York City","US","","No"
"1130",1166,"0",3,"Saade, Mr. Jean Nassr",21,"male",0,0,"2676","",240,"Lebanon","Cherbourg","New York City","US","","No"
"1131",1167,"1",2,"Bryhl, Miss. Dagmar Jenny Ingeborg ",35,"female",1,0,"236853","",240,"Sweden","Southampton","Rockford, Illinois, US","US","12","Yes"
"1132",1168,"0",2,"Parker, Mr. Clifford Richard",28,"male",0,0,"SC 14888","",336,"Channel Islands","Southampton","New York City","US","","No"
"1133",1169,"0",2,"Faunthorpe, Mr. Harry",21,"male",1,0,"2926","",480,"England","Southampton","Philadelphia, Pennsylvania, US","US","","No"
"1134",1170,"0",2,"Ware, Mr. John James",20,"male",1,0,"CA 31352","",540,"England","Southampton","New Britain, Connecticut, US","US","","No"
"1135",1171,"1",2,"Oxenham, Mr. Percy Thomas",25,"male",0,0,"W./C. 14260","",264,"England","Southampton","North Bergen, New Jersey, US","US","13","Yes"
"1136",1172,"0",3,"Oreskovic, Miss. Jelka",22,"female",0,0,"315085","",276,"Croatia","Southampton","Chicago, Illinois, US","US","","No"
"1137",1173,"0",3,"Peacock, Master. Alfred Edward",30,"male",1,1,"SOTON/O.Q. 3101315","",7,"England","Southampton","Elizabeth, New Jersey, US","US","","No"
"1138",1174,"0",3,"Fleming, Miss. Honora",21,"female",0,0,"364859","",264,"Ireland","Queenstown","New York City","US","","No"
"1139",1175,"1",3,"Touma, Miss. Maria Youssef",26,"female",1,1,"2650","",108,"Lebanon","Cherbourg","Dowagiac, Michigan, US","US","C","Yes"
"1140",1176,"0",3,"Rosblom, Miss. Salli Helena",27,"female",1,1,"370129","",24,"Finland","Southampton","Astoria, Oregon, US","US","","No"
"1141",1177,"0",3,"Dennis, Mr. William",19,"male",0,0,"A/5 21175","",312,"England","Southampton","Saskatoon, Saskatchewan, Canada","Canada","","No"
"1142",1178,"0",3,"Franklin, Mr. Charles ",22,"male",0,0,"SOTON/O.Q. 3101314","",456,"England","Cherbourg","Canada","Canada","","No"
"1143",1179,"1",1,"Snyder, Mr. John Pillsbury",26,"male",1,0,"21228","B45",288,"US","Southampton","Minneapolis, Minnesota, US","US","7","Yes"
"1144",1180,"0",3,"Mardirosian, Mr. Sarkis",23,"male",0,0,"2655","F E46",300,"Turkey","Cherbourg","Brantford, Ontario, Canada","Canada","","No"
"1145",1181,"0",3,"Ford, Mr. Arthur",16,"male",0,0,"A/5 1478","",264,"England","Southampton","Elmira, New York, US","US","","No"
"1146",1182,"1",1,"Rheims, Mr. George Alexander Lucien",35,"male",0,0,"PC 17607","",432,"France","Southampton","New York, New York, US","US","A","Yes"
"1147",1183,"1",3,"Daly, Miss. Margaret Marcella Maggie",36,"female",0,0,"382650","",360,"Ireland","Queenstown","New York City","US","15","Yes"
"1148",1184,"0",3,"Nasr, Mr. Mustafa",17,"male",0,0,"2652","",240,"Lebanon","Cherbourg","New York City","US","","No"
"1149",1185,"1",1,"Dodge, Dr. Washington",21,"male",1,1,"33638","A34",624,"US","Southampton","San Francisco, California, US","US","13","Yes"
"1150",1186,"0",3,"Wittevrongel, Mr. Camille",25,"male",0,0,"345771","",432,"Belgium","Southampton","Detroit, Michigan, US","US","","No"
"1151",1187,"0",3,"Angheloff, Mr. Minko",20,"male",0,0,"349202","",312,"Bulgaria","Southampton","Chicago, Illinois, US","US","","No"
"1152",1188,"1",2,"Laroche, Miss. Louise",21,"female",1,2,"SC/Paris 2123","",12,"France","Cherbourg","Cap-Ha??tien, Haiti","Haiti","14","Yes"
"1153",1189,"0",3,"Samaan, Mr. Hanna",17,"male",2,0,"2662","",480,"Lebanon","Cherbourg","Wilkes-Barre, Pennsylvania, US","US","","No"
"1154",1190,"0",1,"Loring, Mr. Joseph Holland",26,"male",0,0,"113801","",360,"England","Southampton","New York, New York, US","US","","No"
"1155",1191,"0",3,"Johansson, Mr. Nils",19,"male",0,0,"347467","",348,"US","Southampton","Chicago, Illinois, US","US","","No"
"1156",1192,"1",3,"Olsson, Mr. Oscar Wilhelm",25,"male",0,0,"347079","",384,"Sweden","Southampton","Manitowoc, Wisconsin, US","US","A","Yes"
"1157",1193,"0",2,"Malachard, Mr. Noel",19,"male",0,0,"237735","D",300,"France","Cherbourg","New York City","US","","No"
"1158",1194,"0",2,"Phillips, Mr. Escott Robert",27,"male",0,1,"S.O./P.P. 2","",504,"England","Southampton","New Brighton, Pennsylvania, US","US","","No"
"1159",1195,"0",3,"Pokrnic, Mr. Tome",17,"male",0,0,"315092","",288,"Croatia","Southampton","Chicago, Illinois, US","US","","No"
"1160",1196,"0",3,"McCarthy, Miss. Catherine Katie",31,"female",0,0,"383123","",288,"Ireland","Queenstown","Bayonne, New Jersey, US","US","","No"
"1161",1197,"1",1,"Crosby, Mrs. Edward Gifford ",28,"female",1,1,"112901","B26",768,"US","Southampton","Milwaukee, Wisconsin, US","US","7","Yes"
"1162",1198,"0",1,"Allison, Mr. Hudson Joshua Creighton",36,"male",1,2,"113781","C22 C26",360,"Canada","Southampton","Montreal, Quebec, Canada","Canada","","No"
"1163",1199,"1",3,"Aks, Master. Philip Frank",25,"male",0,1,"392091","",10,"England","Southampton","Norfolk, Virginia, US","US","11","Yes"
"1164",1200,"0",1,"Hays, Mr. Charles Melville",26,"male",1,1,"12749","B69",660,"Canada","Southampton","Montreal, Quebec, Canada","Canada","","No"
"1165",1201,"1",3,"Hansen, Mrs. Claus Peter ",25,"female",1,0,"350026","",540,"US","Southampton","Racine, Wisconsin, US","US","11","Yes"
"1166",1202,"0",3,"Cacic, Mr. Jego Grga",20,"male",0,0,"315091","",216,"Croatia","Southampton","Chicago, Illinois, US","US","","No"
"1167",1203,"1",3,"Vartanian, Mr. David",20,"male",0,0,"2658","",264,"Turkey","Cherbourg","Brantford, Ontario, Canada","Canada","13","Yes"
"1168",1204,"0",3,"Sadowitz, Mr. Harry",19,"male",0,0,"LP 1588","",204,"England","Southampton","Providence, Rhode Island, US","US","","No"
"1169",1205,"0",3,"Carr, Miss. Jeannie",19,"female",0,0,"368364","",564,"Ireland","Queenstown","Hartford, Connecticut, US","US","","No"
"1170",1206,"1",1,"White, Mrs. John Stuart ",24,"female",0,0,"PC 17760","C32",660,"US","Cherbourg","New York, New York, US","US","8","Yes"
"1171",1207,"0",3,"Hagardon, Miss. Kate",20,"female",0,0,"AQ/3. 30631","",204,"Ireland","Queenstown","New York City","US","","No"
"1172",1208,"0",1,"Spencer, Mr. William Augustus",29,"male",1,0,"PC 17569","B78",684,"US","Cherbourg","New York, New York, US","US","","No"
"1173",1209,"0",2,"Rogers, Mr. Reginald Harry",26,"male",0,0,"28004","",216,"England","Southampton","Wilkes Barre, Pennsylvania, US","US","","No"
"1174",1210,"0",3,"Jonsson, Mr. Nils Hilding",25,"male",0,0,"350408","",324,"Sweden","Southampton","New York City","US","","No"
"1175",1211,"0",2,"Jefferys, Mr. Ernest Wilfred",28,"male",2,0,"C.A. 31029","",264,"Channel Islands","Southampton","Elizabeth, New Jersey, US","US","","No"
"1176",1212,"0",3,"Andersson, Mr. Johan Samuel",27,"male",0,0,"347075","",312,"US","Southampton","Hartford, Connecticut, US","US","","No"
"1177",1213,"1",3,"Krekorian, Mr. Neshan",21,"male",0,0,"2654","F E57",300,"Turkey","Cherbourg","Brantford, Ontario, Canada","Canada","10","Yes"
"1178",1214,"0",2,"Nesson, Mr. Israel",18,"male",0,0,"244368","F2",312,"England","Southampton","Boston, Massachusetts, US","US","","No"
"1179",1215,"0",1,"Rowe, Mr. Alfred G",18,"male",0,0,"113790","",708,"England","Southampton","New York, New York, US","US","","No"
"1180",1216,"1",1,"Kreuchen, Miss. Emilie",22,"female",0,0,"24160","",348,"US","Southampton","St Louis, Missouri, US","US","2","Yes"
"1181",1217,"0",3,"Assam, Mr. Ali",14,"male",0,0,"SOTON/O.Q. 3101309","",276,"Argentina","Southampton","New York City","US","","No"
"1182",1218,"1",2,"Becker, Miss. Ruth Elizabeth",28,"female",2,1,"230136","F4",144,"British India","Southampton","Benton Harbor, Michigan, US","US","13","Yes"
"1183",1219,"0",1,"Rosenshine, Mr. George ",23,"male",0,0,"PC 17585","",552,"US","Cherbourg","New York, New York, US","US","","No"
"1184",1220,"0",2,"Clarke, Mr. Charles Valentine",29,"male",1,0,"2003","",348,"England","Southampton","San Francisco, California, US","US","","No"
"1185",1221,"0",2,"Enander, Mr. Ingvar",19,"male",0,0,"236854","",252,"Sweden","Southampton","Rockford, Illinois, US","US","","No"
"1186",1222,"1",2,"Davies, Mrs. John Morgan ",25,"female",0,2,"C.A. 33112","",576,"England","Southampton","Houghton, Michigan, US","US","14","Yes"
"1187",1223,"0",1,"Dulles, Mr. William Crothers",28,"male",0,0,"PC 17580","A18",468,"US","Cherbourg","Philadelphia, Pennsylvania, US","US","","No"
"1188",1224,"0",3,"Thomas, Mr. Tannous",19,"male",0,0,"2684","",192,"Lebanon","Cherbourg","Columbus, Ohio, US","US","","No"
"1189",1225,"1",3,"Nakid, Mrs. Said ",17,"female",1,1,"2653","",228,"Lebanon","Cherbourg","Waterbury, Connecticut, US","US","C","Yes"
"1190",1226,"0",3,"Cor, Mr. Ivan",13,"male",0,0,"349229","",324,"Croatia","Southampton","Great Falls, Montana, US","US","","No"
"1191",1227,"0",1,"Maguire, Mr. John Edward",24,"male",0,0,"110469","C106",360,"US","Southampton","Brockton, Massachusetts, US","US","","No"
"1192",1228,"0",2,"de Brito, Mr. Jose Joaquim",26,"male",0,0,"244360","",384,"Portugal","Southampton","S?œo Paulo, Brazil","Brazil","","No"
"1193",1229,"0",3,"Elias, Mr. Joseph",17,"male",0,2,"2675","",351,"","","","","","No"
"1194",1230,"0",2,"Denbury, Mr. Herbert",20,"male",0,0,"C.A. 31029","",300,"Channel Islands","Southampton","Elizabeth, New Jersey, US","US","","No"
"1195",1231,"0",3,"Betros, Master. Seman",21,"male",0,0,"2622","",120,"Lebanon","Cherbourg","Wilkes Barre, Pennsylvania, US","US","","No"
"1196",1232,"0",2,"Fillbrook, Mr. Joseph Charles",29,"male",0,0,"C.A. 15185","",216,"England","Southampton","Houghton, Michigan, US","US","","No"
"1197",1233,"1",3,"Lundstrom, Mr. Thure Edvin",26,"male",0,0,"350403","",384,"Sweden","Southampton","Los Angeles, US","US","15","Yes"
"1198",1235,"1",1,"Cardeza, Mrs. James Warburton Martinez ",39,"female",0,1,"PC 17755","B51 B53 B55",696,"US","Cherbourg","Germantown, Pennsylvania, US","US","3","Yes"
"1199",1236,"0",3,"van Billiard, Master. James William",35,"male",1,1,"A/5. 851","",120,"England","Southampton","North Wales, Pennsylvania, US","US","","No"
"1200",1237,"1",3,"Abelseth, Miss. Karen Marie",27,"female",0,0,"348125","",192,"Norway","Southampton","Los Angeles, California, US","US","16","Yes"
"1201",1238,"0",2,"Botsford, Mr. William Hull",26,"male",0,0,"237670","",300,"US","Southampton","Orange, New Jersey, US","US","","No"
"1202",1239,"1",3,"Whabee, Mrs. George Joseph ",27,"female",0,0,"2688","",264,"US","Cherbourg","Youngstown, Ohio, US","US","C","Yes"
"1203",1240,"0",2,"Giles, Mr. Ralph",16,"male",0,0,"248726","",300,"England","Southampton","New York City","US","","No"
"1204",1241,"1",2,"Walcroft, Miss. Nellie",22,"female",0,0,"F.C.C. 13528","",432,"England","Southampton","Mamaroneck, New York, US","US","14","Yes"
"1205",1242,"1",1,"Greenfield, Mrs. Leo David ",27,"female",0,1,"PC 17759","D10 D12",540,"US","Cherbourg","New York, New York, US","US","7","Yes"
"1206",1243,"0",2,"Stokes, Mr. Philip Joseph",25,"male",0,0,"F.C.C. 13540","",300,"England","Southampton","Detroit, Michigan, US","US","","No"
"1207",1244,"0",2,"Dibden, Mr. William",19,"male",0,0,"S.O.C. 14879","",216,"England","Southampton","Eden, Manitoba, Canada","Canada","","No"
"1208",1245,"0",2,"Herman, Mr. Samuel",18,"male",1,2,"220845","",588,"England","Southampton","Bernardsville, New Jersey, US","US","","No"
"1209",1246,"1",3,"Dean, Miss. Elizabeth Gladys Millvina",37,"female",1,2,"C.A. 2315","",2,"England","Southampton","Wichita, Kansas, US","US","10","Yes"
"1210",1247,"0",1,"Julian, Mr. Henry Forbes",24,"male",0,0,"113044","E60",600,"England","Southampton","San Francisco, US","US","","No"
"1211",1248,"1",1,"Brown, Mrs. John Murray ",24,"female",2,0,"11769","C101",708,"US","Southampton","Belmont, Massachusetts, US","US","D","Yes"
"1212",1249,"0",3,"Lockyer, Mr. Edward",19,"male",0,0,"1222","",252,"England","Southampton","Ontario, New York, US","US","","No"
"1213",1250,"1",3,"O'Keefe, Mr. Patrick",20,"male",0,0,"368402","",264,"Ireland","Queenstown","New York City","US","B","Yes"
"1214",1251,"1",3,"Lindell, Mrs. Edvard Bengtsson ",31,"female",1,0,"349910","",360,"Sweden","Southampton","Hartford, Connecticut, US","US","A","Yes"
"1215",1253,"1",2,"Mallet, Mrs. Albert ",20,"female",1,1,"S.C./PARIS 2079","",288,"Canada","Cherbourg","Montreal, Quebec, Canada","Canada","10","Yes"
"1216",1254,"1",2,"Ware, Mrs. John James ",22,"female",0,0,"CA 31352","",372,"England","Southampton","New Britain, Connecticut, US","US","10","Yes"
"1217",1255,"0",3,"Strilic, Mr. Ivan",17,"male",0,0,"315083","",324,"Croatia","Southampton","Chicago, Illinois, US","US","","No"
"1218",1256,"1",1,"Harder, Mrs. George Achilles ",29,"female",1,0,"11765","E50",252,"US","Cherbourg","New York, New York, US","US","5","Yes"
"1219",1258,"0",3,"Caram, Mr. Joseph",17,"male",1,0,"2689","",336,"Syria","Cherbourg","Ottawa, Ontario, Canada","Canada","","No"
"1220",1259,"0",3,"Riihivouri, Miss. Susanna Juhantytar Sanni",42,"female",0,0,"3101295","",264,"Finland","Southampton","Coal Center, Pennsylvania, US","US","","No"
"1221",1260,"1",1,"Gibson, Mrs. Leonard ",21,"female",0,1,"112378","",528,"US","Cherbourg","New York, New York, US","US","7","Yes"
"1222",1261,"1",2,"Pallas y Castello, Mr. Emilio",29,"male",0,0,"SC/PARIS 2147","",348,"Spain","Cherbourg","Havana, Cuba","Cuba","9","Yes"
"1223",1262,"0",2,"Giles, Mr. Edgar",16,"male",1,0,"28133","",252,"England","Southampton","Camden, New Jersey, US","US","","No"
"1224",1263,"1",1,"Wilson, Miss. Helen Alice",25,"female",0,0,"16966","E39 E41",372,"US","Cherbourg","Tuxedo Park, New York, US","US","3","Yes"
"1225",1264,"1",1,"Ismay, Mr. Joseph Bruce",23,"male",0,0,"112058","B52 B54 B56",588,"England","Southampton","New York, New York, US","US","C","Yes"
"1226",1265,"0",2,"Harbeck, Mr. William H",22,"male",0,0,"248746","",528,"US","Southampton","Montreal, Quebec, Canada","Canada","","No"
"1227",1266,"1",1,"Dodge, Mrs. Washington ",23,"female",1,1,"33638","A34",408,"US","Southampton","San Francisco, California, US","US","5","Yes"
"1228",1267,"1",1,"Bowen, Miss. Grace Scott",24,"female",0,0,"PC 17608","",540,"US","Cherbourg","Cooperstown, New York, US","US","4","Yes"
"1229",1268,"0",3,"Kink, Miss. Maria",17,"female",2,0,"315152","",264,"Switzerland","Southampton","Milwaukee, Wisconsin, US","US","","No"
"1230",1269,"0",2,"Cotterill, Mr. Henry Harry",26,"male",0,0,"29107","",240,"England","Southampton","Akron, Ohio, US","US","","No"
"1231",1270,"0",1,"Hipkins, Mr. William Edward",27,"male",0,0,"680","C39",660,"England","Southampton","New York, New York, US","US","","No"
"1232",1271,"0",3,"Asplund, Master. Carl Edgar",27,"male",4,2,"347077","",60,"Sweden","Southampton","Worcester, Massachusetts, US","US","","No"
"1233",1272,"0",3,"O'Connor, Mr. Patrick",21,"male",0,0,"366713","",276,"Ireland","Queenstown","New York City","US","","No"
"1234",1273,"0",3,"Foley, Mr. Joseph",17,"male",0,0,"330910","",228,"Ireland","Queenstown","Larchmont, New York, US","US","","No"
"1235",1274,"0",3,"Risien, Mrs. Samuel ",20,"female",0,0,"364498","",696,"South Africa","Southampton","Groesbeck, Texas, US","US","","No"
"1236",1275,"0",3,"McNamee, Mrs. Neal ",19,"female",1,0,"376566","",228,"England","Southampton","Philadelphia, Pennsylvania, US","US","","No"
"1237",1276,"0",2,"Wheeler, Mr. Edwin Frederick",28,"male",0,0,"SC/PARIS 2159","",288,"England","Southampton","Asheville, North Carolina, US","US","","No"
"1238",1277,"1",2,"Herman, Miss. Kate",18,"female",1,2,"220845","",288,"England","Southampton","Bernardsville, New Jersey, US","US","9","Yes"
"1239",1278,"0",3,"Aronsson, Mr. Ernst Axel Algot",30,"male",0,0,"349911","",288,"Sweden","Southampton","Joliet, Illinois, US","US","","No"
"1240",1279,"0",2,"Ashby, Mr. John",15,"male",0,0,"244346","",684,"US","Southampton","West Hoboken, New Jersey, US","US","","No"
"1241",1280,"0",3,"Canavan, Mr. Patrick",20,"male",0,0,"364858","",252,"ireland","Queenstown","Philadelphia, Pennsylvania, US","US","","No"
"1242",1281,"0",3,"Palsson, Master. Paul Folke",27,"male",3,1,"349909","",72,"Sweden","Southampton","Chicago, Illinois, US","US","","No"
"1243",1282,"0",1,"Payne, Mr. Vivian Ponsonby",26,"male",0,0,"12749","B24",264,"Canada","Southampton","Montreal, Quebec, Canada","Canada","","No"
"1244",1283,"1",1,"Lines, Mrs. Ernest H ",21,"female",0,1,"PC 17592","D28",600,"France","Cherbourg","Hanover, New Hampshire, US","US","9","Yes"
"1245",1284,"0",3,"Abbott, Master. Eugene Joseph",29,"male",0,2,"C.A. 2673","",168,"US","Southampton","East Providence, Rhode Island, US","US","","No"
"1246",1285,"0",2,"Gilbert, Mr. William",20,"male",0,0,"C.A. 30769","",564,"England","Southampton","Butte, Montana, US","US","","No"
"1247",1286,"1",3,"Kink-Heilmann, Mr. Anton",24,"male",3,1,"315153","",348,"Switzerland","Southampton","Milwaukee, Wisconsin","US","2","Yes"
"1248",1287,"1",1,"Smith, Mrs. Lucien Philip ",26,"female",1,0,"13695","C31",216,"US","Cherbourg","Huntington, West Virginia, US","US","6","Yes"
"1249",1288,"0",3,"Colbert, Mr. Patrick",20,"male",0,0,"371109","",288,"Ireland","Queenstown","Sherbrooke, Quebec, Canada","Canada","","No"
"1250",1289,"1",1,"Frolicher-Stehli, Mrs. Maxmillian ",34,"female",1,1,"13567","B41",576,"Switzerland","Cherbourg","New York, New York, US","US","5","Yes"
"1251",1290,"0",3,"Larsson-Rondberg, Mr. Edvard A",30,"male",0,0,"347065","",264,"Sweden","Southampton","Missoula, Montana, US","US","","No"
"1252",1291,"0",3,"Conlon, Mr. Thomas Henry",24,"male",0,0,"21332","",372,"US","Queenstown","Philadelphia, Pennsylvania, US","US","","No"
"1253",1292,"1",1,"Bonnell, Miss. Caroline",23,"female",0,0,"36928","C7",360,"US","Southampton","Youngstown, Ohio, US","US","8","Yes"
"1254",1293,"0",2,"Gale, Mr. Harry",15,"male",1,0,"28664","",456,"England","Southampton","Clear Creek, Colorado, US","US","","No"
"1255",1294,"1",1,"Gibson, Miss. Dorothy Winifred",30,"female",0,1,"112378","",264,"US","Cherbourg","New York, New York, US","US","7","Yes"
"1256",1295,"0",1,"Carrau, Mr. Jose Pedro",22,"male",0,0,"113059","",204,"Uruguay","Southampton","Montevideo, Uruguay","Uruguay","","No"
"1257",1296,"1",1,"Frauenthal, Mr. Isaac Gerald",28,"male",1,0,"17765","D40",516,"England","Southampton","New York, New York, US","US","5","Yes"
"1258",1297,"1",2,"Nourney, Mr. Alfred ",20,"male",0,0,"SC/PARIS 2166","D38",240,"Germany","Cherbourg","New York, New York, US","US","7","Yes"
"1259",1298,"0",2,"Ware, Mr. William Jeffery",25,"male",1,0,"28666","",276,"England","Southampton","Butte, Montana, US","US","","No"
"1260",1299,"0",1,"Widener, Mr. George Dunton",26,"male",1,1,"113503","C80",600,"US","Southampton","Philadelphia, Pennsylvania, US","US","","No"
"1261",1300,"1",3,"Riordan, Miss. Johanna Hannah",29,"female",0,0,"334915","",216,"Ireland","Queenstown","New York City","US","13","Yes"
"1262",1301,"0",3,"Peacock, Miss. Treasteall",25,"female",1,1,"SOTON/O.Q. 3101315","",48,"England","Southampton","Elizabeth, New Jersey, US","US","","No"
"1263",1302,"0",3,"Naughton, Miss. Hannah",22,"female",0,0,"365237","",252,"Ireland","Queenstown","New York City","US","","No"
"1264",1303,"1",1,"Minahan, Mrs. William Edward ",29,"female",1,0,"19928","C78",444,"US","Southampton","Fond du Lac, Wisconsin, US","US","14","Yes"
"1265",1304,"0",3,"Henriksson, Miss. Jenny Lovisa",30,"female",0,0,"347086","",336,"Sweden","Southampton","Iron Mountain, Michigan, US","US","","No"
"1266",1305,"0",3,"Spector, Mr. Woolf",18,"male",0,0,"A.5. 3236","",276,"England","Southampton","New York City","US","","No"
"1267",1306,"1",1,"Oliva y Ocana, Dona. Fermina",28,"female",0,0,"PC 17758","C105",468,"Spain","Cherbourg","New York, New York, US","US","8","Yes"
"1268",1307,"0",3,"Saether, Mr. Simon Sivertsen",28,"male",0,0,"SOTON/O.Q. 3101262","",516,"Norway","Southampton","US","US","","No"
"1269",1308,"0",3,"Ware, Mr. Frederick",19,"male",0,0,"359309","",408,"England","Southampton","New York City","US","","No"
"1270",1309,"1",3,"Peter, Master. Michael J",24,"male",1,1,"2668","",48,"Syria","Cherbourg","Detroit, Michigan, US","US","D","Yes"
