"","PassengerId","Survived","Pclass","Name","NameLength","Sex","SibSpouse","ParentsChild","TicketNumber","Fare","Cabin","Age_wiki","Age_Months","HometownCountry","Boarded","Destination","DestinationCountry","Lifeboat","LifeboatSupport"
"892",892,NA,3,"Kelly, Mr. James",16,"male",0,0,"330911",7,"",19,228,"Ireland","Southampton","New York City","US","","No"
"893",893,NA,3,"Wilkes, Mrs. James ",19,"female",1,0,"363272",7,"",47,564,"England","Southampton","Akron, Ohio, US","US","16","Yes"
"894",894,NA,2,"Myles, Mr. Thomas Francis",25,"male",0,0,"240276",9,"",63,756,"Ireland","Queenstown","Waban, Massachusetts, US","US","","No"
"895",895,NA,3,"Wirz, Mr. Albert",16,"male",0,0,"315154",8,"",27,324,"Switzerland","Southampton","Beloit, Wisconsin, US","US","","No"
"896",896,NA,3,"Hirvonen, Mrs. Alexander ",25,"female",1,1,"3101298",12,"",22,264,"Finland","Southampton","Monessen, Pennsylvania, US","US","15","Yes"
"897",897,NA,3,"Svensson, Mr. Johan Cervin",26,"male",0,0,"7538",9,"",14,168,"Sweden","Southampton","Beresford, South Dakota, US","US","13","Yes"
"898",898,NA,3,"Connolly, Miss. Kate",20,"female",0,0,"330972",7,"",35,420,"Ireland","Queenstown","Dobbs Ferry, New York, US","US","","No"
"899",899,NA,2,"Caldwell, Mr. Albert Francis",28,"male",1,1,"248738",29,"",26,312,"Bangkok","Southampton","Roseville, Illinois, US","US","13","Yes"
"900",900,NA,3,"Abrahim, Mrs. Joseph ",21,"female",0,0,"2657",7,"",18,216,"Syria","Cherbourg","Greensburg, Pennsylvania, US","US","C","Yes"
"901",901,NA,3,"Davies, Mr. John Samuel",23,"male",2,0,"A/4 48871",24,"",21,252,"England","Southampton","Pontiac, Michigan, US","US","","No"
"902",902,NA,3,"Ilieff, Mr. Ylio",16,"male",0,0,"349220",7,"",32,384,"Bulgaria","Southampton","Chicago, Illinois, US","US","","No"
"903",903,NA,1,"Jones, Mr. Charles Cresson",26,"male",0,0,"694",26,"",46,552,"US","Southampton","Bennington, Vermont, US","US","","No"
"904",904,NA,1,"Snyder, Mrs. John Pillsbury ",28,"female",1,0,"21228",82,"B45",23,276,"US","Southampton","Minneapolis, Minnesota, US","US","7","Yes"
"905",905,NA,2,"Howard, Mr. Benjamin",20,"male",1,0,"24065",26,"",63,756,"England","Southampton","Idaho, US","US","","No"
"906",906,NA,1,"Chaffee, Mrs. Herbert Fuller ",29,"female",1,0,"W.E.P. 5734",61,"E31",47,564,"US","Southampton","Amenia, North Dakota, US","US","4","Yes"
"907",907,NA,2,"del Carlo, Mrs. Sebastiano ",27,"female",1,0,"SC/PARIS 2167",27,"",24,288,"Italy","Cherbourg","Chicago, Illinois, US","US","11","Yes"
"908",908,NA,2,"Keane, Mr. Daniel",17,"male",0,0,"233734",12,"",35,420,"Ireland","Queenstown","St Louis, Missouri, US","US","","No"
"909",909,NA,3,"Assaf, Mr. Gerios",17,"male",0,0,"2692",7,"",21,252,"Lebanon","Cherbourg","Ottawa, Ontario, Canada","Canada","","No"
"910",910,NA,3,"Ilmakangas, Miss. Ida Livija",28,"female",1,0,"STON/O2. 3101270",7,"",27,324,"US","Southampton","New York City","US","","No"
"911",911,NA,3,"Assaf Khalil, Mrs. Mariana ",27,"female",0,0,"2696",7,"",45,540,"Lebanon","Cherbourg","Ottawa, Ontario, Canada","Canada","C","Yes"
"912",912,NA,1,"Rothschild, Mr. Martin",22,"male",1,0,"PC 17603",59,"",46,552,"US","Cherbourg","New York, New York, US","US","","No"
"913",913,NA,3,"Olsen, Master. Artur Karl",25,"male",0,1,"C 17368",3,"",9,108,"Norway","Southampton","Brooklyn, New York, US","US","13","Yes"
"914",914,NA,1,"Flegenheim, Mrs. Alfred ",24,"female",0,0,"PC 17598",31,"",48,576,"US","Cherbourg","New York, New York, US","US","7","Yes"
"915",915,NA,1,"Williams, Mr. Richard Norris II",31,"male",0,1,"PC 17597",61,"",21,252,"Switzerland","Cherbourg","Radnor, Pennsylvania, US","US","A","Yes"
"916",916,NA,1,"Ryerson, Mrs. Arthur Larned ",28,"female",1,3,"PC 17608",262,"B57 B59 B63 B66",48,576,"US","Cherbourg","Cooperstown, New York, US","US","4","Yes"
"917",917,NA,3,"Robins, Mr. Alexander A",23,"male",1,0,"A/5. 3337",14,"",50,600,"England","Southampton","Yonkers, New York, US","US","","No"
"918",918,NA,1,"Ostby, Miss. Helene Ragnhild",28,"female",0,1,"113509",61,"B36",22,264,"US","Southampton","Providence, Rhode Island, US","US","5","Yes"
"919",919,NA,3,"Daher, Mr. Shedid",17,"male",0,0,"2698",7,"",19,228,"Lebanon","Cherbourg","Kulpmont, Pennsylvania, US","US","","No"
"920",920,NA,1,"Brady, Mr. John Bertram",23,"male",0,0,"113054",30,"A21",41,492,"US","Southampton","Pomeroy, Washington, US","US","","No"
"921",921,NA,3,"Samaan, Mr. Elias",17,"male",2,0,"2662",21,"",17,204,"Lebanon","Cherbourg","Wilkes-Barre, Pennsylvania, US","US","","No"
"922",922,NA,2,"Louch, Mr. Charles Alexander",28,"male",1,0,"SC/AH 3085",26,"",50,600,"England","Southampton","New York City","US","","No"
"923",923,NA,2,"Jefferys, Mr. Clifford Thomas",29,"male",2,0,"C.A. 31029",31,"",24,288,"Channel Islands","Southampton","Elizabeth, New Jersey, US","US","","No"
"924",924,NA,3,"Dean, Mrs. Bertram ",19,"female",1,2,"C.A. 2315",20,"",32,384,"England","Southampton","Wichita, Kansas, US","US","10","Yes"
"925",925,NA,3,"Johnston, Mrs. Andrew G ",24,"female",1,2,"W./C. 6607",23,"",34,408,"England","Southampton","New London, Connecticut, US","US","","No"
"926",926,NA,1,"Mock, Mr. Philipp Edmund",24,"male",1,0,"13236",57,"C78",30,360,"US","Cherbourg","New York, New York, US","US","11","Yes"
"927",927,NA,3,"Katavelas, Mr. Vassilios ",25,"male",0,0,"2682",7,"",19,228,"Greece","Cherbourg","Milwaukee, Wisconsin, US","US","","No"
"928",928,NA,3,"Roth, Miss. Sarah A",19,"female",0,0,"342712",8,"",26,312,"England","Southampton","New York City","US","C","Yes"
"929",929,NA,3,"Cacic, Miss. Manda",18,"female",0,0,"315087",8,"",21,252,"Croatia","Southampton","Chicago, Illinois, US","US","","No"
"930",930,NA,3,"Sap, Mr. Julius",15,"male",0,0,"345768",9,"",21,252,"Belgium","Southampton","Detroit, Michigan, US","US","11","Yes"
"931",931,NA,3,"Hee, Mr. Ling",13,"male",0,0,"1601",56,"",28,336,"China","Southampton","New York City","US","","No"
"932",932,NA,3,"Karun, Mr. Franz",16,"male",0,1,"349256",13,"",39,468,"Slovenia","Southampton","Galesburg, Illinois, US","US","15","Yes"
"933",933,NA,1,"Franklin, Mr. Thomas Parham",27,"male",0,0,"113778",26,"D34",37,444,"England","Southampton","New York, New York, US","US","","No"
"934",934,NA,3,"Goldsmith, Mr. Nathan",21,"male",0,0,"SOTON/O.Q. 3101263",7,"",41,492,"Russia","Southampton","Philadelphia, Pennsylvania, US","US","","No"
"935",935,NA,2,"Corbett, Mrs. Walter H ",23,"female",0,0,"237249",13,"",30,360,"US","Southampton","Provo, Utah, US","US","","No"
"936",936,NA,1,"Kimball, Mrs. Edwin Nelson Jr ",30,"female",1,0,"11753",52,"D19",45,540,"US","Southampton","Boston, Massachusetts, US","US","5","Yes"
"937",937,NA,3,"Peltomaki, Mr. Nikolai Johannes",31,"male",0,0,"STON/O 2. 3101291",7,"",25,300,"Finland","Southampton","New York City","US","","No"
"938",938,NA,1,"Chevre, Mr. Paul Romaine",24,"male",0,0,"PC 17594",29,"A9",45,540,"France","Cherbourg","Ottawa, Ontario, Canada","Canada","7","Yes"
"939",939,NA,3,"Shaughnessy, Mr. Patrick",24,"male",0,0,"370374",7,"",24,288,"Ireland","Queenstown","New York City","US","","No"
"940",940,NA,1,"Bucknell, Mrs. William Robert ",30,"female",0,0,"11813",76,"D15",59,708,"US","Cherbourg","Philadelphia, Pennsylvania, US","US","8","Yes"
"941",941,NA,3,"Coutts, Mrs. William ",21,"female",0,2,"C.A. 37671",15,"",36,432,"England","Southampton","Brooklyn, New York, US","US","2","Yes"
"942",942,NA,1,"Smith, Mr. Lucien Philip",24,"male",1,0,"13695",60,"C31",24,288,"US","Cherbourg","Huntington, West Virginia, US","US","","No"
"943",943,NA,2,"Pulbaum, Mr. Franz",18,"male",0,0,"SC/PARIS 2168",15,"",27,324,"US","Southampton","New York City","US","","No"
"944",944,NA,2,"Hocking, Miss. Ellen Nellie",27,"female",2,1,"29105",23,"",20,240,"England","Southampton","Akron, Ohio, US","US","4","Yes"
"945",945,NA,1,"Fortune, Miss. Ethel Flora",26,"female",3,2,"19950",263,"C23 C25 C27",28,336,"Canada","Southampton","Winnipeg, Manitoba, Canada","Canada","10","Yes"
"946",946,NA,2,"Mangiavacchi, Mr. Serafino Emilio",33,"male",0,0,"SC/A.3 2861",15,"",30,360,"France","Cherbourg","New York City","US","","No"
"947",947,NA,3,"Rice, Master. Albert",20,"male",4,1,"382652",29,"",10,120,"Ireland","Queenstown","Spokane, Washington, US","US","","No"
"948",948,NA,3,"Cor, Mr. Bartol",15,"male",0,0,"349230",7,"",35,420,"Croatia","Southampton","Great Falls, Montana, US","US","","No"
"949",949,NA,3,"Abelseth, Mr. Olaus Jorgensen",29,"male",0,0,"348122",7,"F G63",25,300,"US","Southampton","Perkins County, South Dakota, US","US","A","Yes"
"950",950,NA,3,"Davison, Mr. Thomas Henry",25,"male",1,0,"386525",16,"",32,384,"England","Southampton","Bedford, Indiana, US","US","","No"
"951",951,NA,1,"Chaudanson, Miss. Victorine",27,"female",0,0,"PC 17608",262,"B61",36,432,"US","Cherbourg","Cooperstown, New York, US","US","4","Yes"
"952",952,NA,3,"Dika, Mr. Mirko",15,"male",0,0,"349232",7,"",17,204,"Croatia","Southampton","Vancouver, British Columbia, Canada","Canada","","No"
"953",953,NA,2,"McCrae, Mr. Arthur Gordon",25,"male",0,0,"237216",13,"",32,384,"Australia","Southampton","Canada","Canada","","No"
"954",954,NA,3,"Bjorklund, Mr. Ernst Herbert",28,"male",0,0,"347090",7,"",18,216,"Sweden","Southampton","New York City","US","","No"
"955",955,NA,3,"Bradley, Miss. Bridget Delia",28,"female",0,0,"334914",7,"",22,264,"Ireland","Queenstown","Glen Falls, New York, US","US","13","Yes"
"956",956,NA,1,"Ryerson, Master. John Borie",27,"male",2,2,"PC 17608",262,"B57 B59 B63 B66",13,156,"US","Cherbourg","Cooperstown, New York, US","US","4","Yes"
"957",957,NA,2,"Corey, Mrs. Percy C ",20,"female",0,0,"F.C.C. 13534",21,"",30,360,"US","Southampton","Pittsburgh, Pennsylvania, US","US","","No"
"958",958,NA,3,"Burns, Miss. Mary Delia",23,"female",0,0,"330963",7,"",17,204,"Ireland","Queenstown","New York City","US","","No"
"959",959,NA,1,"Moore, Mr. Clarence Bloomfield",30,"male",0,0,"113796",42,"",47,564,"US","Southampton","Washington, DC, US","US","","No"
"960",960,NA,1,"Tucker, Mr. Gilbert Milligan Jr",31,"male",0,0,"2543",28,"C53",31,372,"US","Cherbourg","Albany, New York, US","US","7","Yes"
"961",961,NA,1,"Fortune, Mrs. Mark ",19,"female",1,4,"19950",263,"C23 C25 C27",60,720,"Canada","Southampton","Winnipeg, Manitoba, Canada","Canada","10","Yes"
"962",962,NA,3,"Mulvihill, Miss. Bertha E",25,"female",0,0,"382653",7,"",25,300,"Ireland","Queenstown","Providence, Rhode Island, US","US","15","Yes"
"963",963,NA,3,"Minkoff, Mr. Lazar",18,"male",0,0,"349211",7,"",21,252,"Bulgaria","Southampton","Chicago, Illinois, US","US","","No"
"964",964,NA,3,"Nieminen, Miss. Manta Josefina",30,"female",0,0,"3101297",7,"",29,348,"Finland","Southampton","Aberdeen, Washington, US","US","","No"
"965",965,NA,1,"Ovies y Rodriguez, Mr. Servando",31,"male",0,0,"PC 17562",27,"D43",36,432,"Cuba","Cherbourg","Havana, Cuba","Cuba","","No"
"966",966,NA,1,"Geiger, Miss. Amalie",20,"female",0,0,"113503",211,"C130",35,420,"US","Southampton","Philadelphia, Pennsylvania, US","US","4","Yes"
"967",967,NA,1,"Keeping, Mr. Edwin",18,"male",0,0,"113503",211,"C132",33,396,"US","Southampton","Philadelphia, Pennsylvania, US","US","","No"
"968",968,NA,3,"Miles, Mr. Frank",16,"male",0,0,"359306",8,"",23,276,"England","Southampton","New York City","US","","No"
"969",969,NA,1,"Cornell, Mrs. Robert Clifford ",30,"female",2,0,"11770",25,"C101",55,660,"US","Southampton","New York, New York, US","US","2","Yes"
"970",970,NA,2,"Aldworth, Mr. Charles Augustus",30,"male",0,0,"248744",13,"",30,360,"US","Southampton","Bryn Mawr, Pennsylvania, US","US","","No"
"971",971,NA,3,"Doyle, Miss. Elizabeth",22,"female",0,0,"368702",7,"",24,288,"Ireland","Queenstown","New York City","US","","No"
"972",972,NA,3,"Boulos, Master. Akar",20,"male",1,1,"2678",15,"",9,108,"Lebanon","Cherbourg","Kent, British Columbia, Canada","Canada","","No"
"973",973,NA,1,"Straus, Mr. Isidor",18,"male",1,0,"PC 17483",221,"C55 C57",67,804,"US","Southampton","New York, New York, US","US","","No"
"974",974,NA,1,"Case, Mr. Howard Brown",22,"male",0,0,"19924",26,"",49,588,"England","Southampton","Rochester, New York, US","US","","No"
"975",975,NA,3,"Demetri, Mr. Marinko",20,"male",0,0,"349238",7,"",23,276,"Macedonia","Southampton","New York City","US","","No"
"976",976,NA,2,"Lamb, Mr. John Joseph",21,"male",0,0,"240261",10,"",30,360,"Ireland","Queenstown","Providence, Rhode Island, US","US","","No"
"977",977,NA,3,"Khalil, Mr. Betros",18,"male",1,0,"2660",14,"",25,300,"Lebanon","Cherbourg","Wilkes Barre, Pennsylvania, US","US","","No"
"978",978,NA,3,"Barry, Miss. Julia",18,"female",0,0,"330844",7,"",26,312,"US","Queenstown","New York City","US","","No"
"979",979,NA,3,"Badman, Miss. Emily Louisa",26,"female",0,0,"A/4 31416",8,"",18,216,"England","Southampton","Skaneateles, New York, US","US","C","Yes"
"980",980,NA,3,"O'Donoghue, Ms. Bridget",23,"female",0,0,"364856",7,"",21,252,"Ireland","Queenstown","Chicago, Illinois, US","US","","No"
"981",981,NA,2,"Wells, Master. Ralph Lester",27,"male",1,1,"29103",23,"",2,24,"England","Southampton","Akron, Ohio, US","US","14","Yes"
"982",982,NA,3,"Dyker, Mrs. Adolf Fredrik ",26,"female",1,0,"347072",13,"",22,264,"US","Southampton","New Haven, Connecticut, US","US","16","Yes"
"983",983,NA,3,"Pedersen, Mr. Olaf",18,"male",0,0,"345498",7,"",28,336,"Norway","Southampton","Seattle, Washington, US","US","","No"
"984",984,NA,1,"Davidson, Mrs. Thornton ",24,"female",1,2,"F.C. 12750",52,"B71",27,324,"Canada","Southampton","Montreal, Quebec, Canada","Canada","3","Yes"
"985",985,NA,3,"Guest, Mr. Robert",17,"male",0,0,"376563",8,"",32,384,"England","Southampton","Clinton, New York, US","US","","No"
"986",986,NA,1,"Birnbaum, Mr. Jakob",19,"male",0,0,"13905",26,"",24,288,"Belgium","Cherbourg","San Francisco, California, US","US","","No"
"987",987,NA,3,"Tenglin, Mr. Gunnar Isidor",26,"male",0,0,"350033",7,"",25,300,"Sweden","Southampton","Burlington, Iowa, US","US","13","Yes"
"988",988,NA,1,"Cavendish, Mrs. Tyrell William ",31,"female",1,0,"19877",78,"C46",25,300,"England","Southampton","New York, New York, US","US","6","Yes"
"989",989,NA,3,"Makinen, Mr. Kalle Edvard",25,"male",0,0,"STON/O 2. 3101268",7,"",29,348,"Finland","Southampton","Glassport, Pennsylvania, US","US","","No"
"990",990,NA,3,"Braf, Miss. Elin Ester Maria",28,"female",0,0,"347471",7,"",20,240,"Sweden","Southampton","Chicago, Illinois, US","US","","No"
"991",991,NA,3,"Nancarrow, Mr. William Henry",28,"male",0,0,"A./5. 3338",8,"",33,396,"England","Southampton","Yonkers, New York, US","US","","No"
"992",992,NA,1,"Stengel, Mrs. Charles Emil Henry ",33,"female",1,0,"11778",55,"C116",44,528,"US","Cherbourg","Newark, New Jersey, US","US","5","Yes"
"993",993,NA,2,"Weisz, Mr. Leopold",18,"male",1,0,"228414",26,"",28,336,"England","Southampton","Montreal, Quebec, Canada","Canada","","No"
"994",994,NA,3,"Foley, Mr. William",18,"male",0,0,"365235",7,"",20,240,"Ireland","Queenstown","New York City","US","","No"
"995",995,NA,3,"Johansson Palmquist, Mr. Oskar Leander",38,"male",0,0,"347070",7,"",26,312,"Sweden","Southampton","New Haven, Connecticut, US","US","15","Yes"
"996",996,NA,3,"Thomas, Mrs. Alexander ",23,"female",1,1,"2625",8,"",16,192,"Lebanon","Cherbourg","Wilkes Barre, Pennsylvania, US","US","14","Yes"
"997",997,NA,3,"Holthen, Mr. Johan Martin",25,"male",0,0,"C 4001",22,"",28,336,"Norway","Southampton","New York City","US","","No"
"998",998,NA,3,"Buckley, Mr. Daniel",19,"male",0,0,"330920",7,"",21,252,"Ireland","Queenstown","New York City","US","13","Yes"
"999",999,NA,3,"Ryan, Mr. Edward",16,"male",0,0,"383162",7,"",24,288,"Ireland","Queenstown","Troy, New York, US","US","14","Yes"
"1000",1000,NA,3,"Willer, Mr. Aaron ",18,"male",0,0,"3410",8,"",37,444,"Russia","Cherbourg","Chicago, Illinois, US","US","","No"
"1001",1001,NA,2,"Swane, Mr. George",17,"male",0,0,"248734",13,"F",19,228,"Canada","Southampton","Montreal, Quebec, Canada","Canada","","No"
"1002",1002,NA,2,"Stanton, Mr. Samuel Ward",24,"male",0,0,"237734",15,"",42,504,"US","Southampton","New York City","US","","No"
"1003",1003,NA,3,"Shine, Miss. Ellen Natalia",26,"female",0,0,"330968",7,"",20,240,"Ireland","Queenstown","New York City","US","","No"
"1004",1004,NA,1,"Evans, Miss. Edith Corse",24,"female",0,0,"PC 17531",31,"A29",36,432,"US","Cherbourg","New York, New York, US","US","","No"
"1005",1005,NA,3,"Buckley, Miss. Katherine",24,"female",0,0,"329944",7,"",22,264,"Ireland","Queenstown","Roxbury, Massachusetts, US","US","","No"
"1006",1006,NA,1,"Straus, Mrs. Isidor ",20,"female",1,0,"PC 17483",221,"C55 C57",63,756,"US","Southampton","New York, New York, US","US","","No"
"1007",1007,NA,3,"Chronopoulos, Mr. Demetrios",27,"male",1,0,"2680",14,"",18,216,"Greece","Cherbourg","New York City","US","","No"
"1008",1008,NA,3,"Thomas, Mr. John",16,"male",0,0,"2681",6,"",34,408,"Unknown","Cherbourg","Columbus, Ohio, US","US","","No"
"1009",1009,NA,3,"Sandstrom, Miss. Beatrice Irene",31,"female",1,1,"PP 9549",16,"G6",1,12,"Sweden","Southampton","San Francisco, US","US","13","Yes"
"1010",1010,NA,1,"Beattie, Mr. Thomson",20,"male",0,0,"13050",75,"C6",36,432,"Canada","Southampton","Fergus, Ontario, Canada","Canada","A","Yes"
"1011",1011,NA,2,"Chapman, Mrs. John Henry ",25,"female",1,0,"SC/AH 29037",26,"",28,336,"England","Southampton","Spokane, Washington, US","US","","No"
"1012",1012,NA,2,"Watt, Miss. Bertha J",20,"female",0,0,"C.A. 33595",15,"",12,144,"Scotland","Southampton","Portland, Oregon, US","US","9","Yes"
"1013",1013,NA,3,"Kiernan, Mr. John",17,"male",1,0,"367227",7,"",24,288,"US","Queenstown","Jersey City, New Jersey, US","US","","No"
"1014",1014,NA,1,"Schabert, Mrs. Paul ",20,"female",1,0,"13236",57,"C28",35,420,"Germany","Southampton","New York, New York, US","US","11","Yes"
"1015",1015,NA,3,"Carver, Mr. Alfred John",23,"male",0,0,"392095",7,"",28,336,"England","Southampton","New York City","US","","No"
"1016",1016,NA,3,"Kennedy, Mr. John",17,"male",0,0,"368783",7,"",24,288,"Ireland","Queenstown","New York City","US","15","Yes"
"1017",1017,NA,3,"Cribb, Miss. Laura Alice",24,"female",0,1,"371362",16,"",16,192,"England","Southampton","Newark, New Jersey, US","US","12","Yes"
"1018",1018,NA,3,"Brobeck, Mr. Karl Rudolf",24,"male",0,0,"350045",7,"",22,264,"Sweden","Southampton","Worcester, Massachusetts, US","US","","No"
"1019",1019,NA,3,"McCoy, Miss. Alicia",19,"female",2,0,"367226",23,"",26,312,"Ireland","Queenstown","Brooklyn, New York, US","US","16","Yes"
"1020",1020,NA,2,"Bowenur, Mr. Solomon",20,"male",0,0,"211535",13,"",42,504,"England","Southampton","New York City","US","","No"
"1021",1021,NA,3,"Petersen, Mr. Marius",20,"male",0,0,"342441",8,"",24,288,"England","Southampton","New York City","US","","No"
"1022",1022,NA,3,"Spinner, Mr. Henry John",23,"male",0,0,"STON/OQ. 369943",8,"",32,384,"England","Southampton","Gloversville, New York, US","US","","No"
"1023",1023,NA,1,"Gracie, Col. Archibald IV",25,"male",0,0,"113780",28,"C51",53,636,"US","Southampton","Washington, DC, US","US","B","Yes"
"1024",1024,NA,3,"Lefebre, Mrs. Frank ",20,"female",0,4,"4133",25,"",40,480,"France","Southampton","Mystic, Iowa, US","US","","No"
"1025",1025,NA,3,"Thomas, Mr. Charles P",21,"male",1,0,"2621",6,"",31,372,"Lebanon","Cherbourg","Wilkes Barre, Pennsylvania, US","US","","No"
"1026",1026,NA,3,"Dintcheff, Mr. Valtcho",22,"male",0,0,"349226",7,"",43,516,"Bulgaria","Southampton","Tulsa, Oklahoma, US","US","","No"
"1027",1027,NA,3,"Carlsson, Mr. Carl Robert",25,"male",0,0,"350409",7,"",24,288,"Sweden","Southampton","Huntley, Illinois, US","US","","No"
"1028",1028,NA,3,"Zakarian, Mr. Mapriededer",25,"male",0,0,"2656",7,"",22,264,"Turkey","Cherbourg","Brantford, Ontario, Canada","Canada","","No"
"1029",1029,NA,2,"Schmidt, Mr. August",19,"male",0,0,"248659",13,"",26,312,"US","Southampton","Newark, New Jersey, US","US","","No"
"1030",1030,NA,3,"Drapkin, Miss. Jennie",21,"female",0,0,"SOTON/OQ 392083",8,"",24,288,"Belarus","Southampton","New York City","US","13","Yes"
"1031",1031,NA,3,"Goodwin, Mr. Charles Frederick",30,"male",1,6,"CA 2144",46,"",42,504,"England","Southampton","Niagara Falls, New York, US","US","","No"
"1032",1032,NA,3,"Goodwin, Miss. Jessie Allis",27,"female",5,2,"CA 2144",46,"",12,144,"England","Southampton","Niagara Falls, New York, US","US","","No"
"1033",1033,NA,1,"Daniels, Miss. Sarah",20,"female",0,0,"113781",151,"",33,396,"Canada","Southampton","Montreal, Quebec, Canada","Canada","8","Yes"
"1034",1034,NA,1,"Ryerson, Mr. Arthur Larned",26,"male",1,3,"PC 17608",262,"B57 B59 B63 B66",61,732,"US","Cherbourg","Cooperstown, New York, US","US","","No"
"1035",1035,NA,2,"Beauchamp, Mr. Henry James",26,"male",0,0,"244358",26,"",28,336,"England","Southampton","New York City","US","","No"
"1036",1036,NA,1,"Lindeberg-Lind, Mr. Erik Gustaf ",32,"male",0,0,"17475",26,"",42,504,"Sweden","Southampton","New York, New York, US","US","","No"
"1037",1037,NA,3,"Vander Planke, Mr. Julius",25,"male",3,0,"345763",18,"",31,372,"Belgium","Southampton","Fremont, Ohio, US","US","","No"
"1038",1038,NA,1,"Hilliard, Mr. Herbert Henry",27,"male",0,0,"17463",51,"E46",44,528,"US","Southampton","Brighton, Massachusetts, US","US","","No"
"1039",1039,NA,3,"Davies, Mr. Evan",16,"male",0,0,"SC/A4 23568",8,"",22,264,"Australia","Southampton","Pontiac, Michigan, US","US","","No"
"1040",1040,NA,1,"Crafton, Mr. John Bertram",25,"male",0,0,"113791",26,"",59,708,"US","Southampton","Roachdale, Indiana, US","US","","No"
"1041",1041,NA,2,"Lahtinen, Rev. William",22,"male",1,1,"250651",26,"",35,420,"US","Southampton","Minneapolis, Minnesota, US","US","","No"
"1042",1042,NA,1,"Earnshaw, Mrs. Boulton ",23,"female",0,1,"11767",83,"C54",29.42,351,"","","","","","No"
"1043",1043,NA,3,"Matinoff, Mr. Nicola",20,"male",0,0,"349255",7,"",30,360,"Bulgaria","Cherbourg","Madison, Wisconsin, US","US","","No"
"1044",1044,NA,3,"Storey, Mr. Thomas",18,"male",0,0,"3701",13,"",51,612,"England","Southampton","New York City","US","","No"
"1045",1045,NA,3,"Klasen, Mrs. ",13,"female",0,2,"350405",12,"",36,432,"Sweden","Southampton","Los Angeles, US","US","","No"
"1046",1046,NA,3,"Asplund, Master. Filip Oscar",28,"male",4,2,"347077",31,"",13,156,"Sweden","Southampton","Worcester, Massachusetts, US","US","","No"
"1047",1047,NA,3,"Duquemin, Mr. Joseph",20,"male",0,0,"S.O./P.P. 752",7,"",19,228,"Channel Islands","Southampton","Albion, New York, US","US","D","Yes"
"1048",1048,NA,1,"Bird, Miss. Ellen",17,"female",0,0,"PC 17483",221,"C97",31,372,"US","Southampton","New York, New York, US","US","8","Yes"
"1049",1049,NA,3,"Lundin, Miss. Olga Elida",24,"female",0,0,"347469",7,"",29.42,351,"","","","","","No"
"1050",1050,NA,1,"Borebank, Mr. John James",24,"male",0,0,"110489",26,"D22",42,504,"England","Southampton","Toronto, Ontario, Canada","Canada","","No"
"1051",1051,NA,3,"Peacock, Mrs. Benjamin ",23,"female",0,2,"SOTON/O.Q. 3101315",13,"",26,312,"England","Southampton","Elizabeth, New Jersey, US","US","","No"
"1052",1052,NA,3,"Smyth, Miss. Julia",18,"female",0,0,"335432",7,"",17,204,"Ireland","Queenstown","New York City","US","13","Yes"
"1053",1053,NA,3,"Touma, Master. Georges Youssef",30,"male",1,1,"2650",15,"",8,96,"Lebanon","Cherbourg","Dowagiac, Michigan, US","US","C","Yes"
"1054",1054,NA,2,"Wright, Miss. Marion",20,"female",0,0,"220844",13,"",26,312,"England","Southampton","Cottage Grove, Oregon, US","US","9","Yes"
"1055",1055,NA,3,"Pearce, Mr. Ernest",18,"male",0,0,"343271",7,"",32,384,"England","Southampton","New York City","US","","No"
"1056",1056,NA,2,"Peruschitz, Rev. Joseph Maria",29,"male",0,0,"237393",13,"",28,336,"Germany","Southampton","St. Cloud, Minnesota, US","US","","No"
"1057",1057,NA,3,"Kink-Heilmann, Mrs. Anton ",26,"female",1,1,"315153",22,"",26,312,"Switzerland","Southampton","Milwaukee, Wisconsin, US","US","2","Yes"
"1058",1058,NA,1,"Brandeis, Mr. Emil",18,"male",0,0,"PC 17591",50,"B10",48,576,"US","Cherbourg","Omaha, Nebraska, US","US","","No"
"1059",1059,NA,3,"Ford, Mr. Edward Watson",23,"male",2,2,"W./C. 6608",34,"",18,216,"England","Southampton","Essex County, New Jersey, US","US","","No"
"1060",1060,NA,1,"Cassebeer, Mrs. Henry Arthur Jr ",32,"female",0,0,"17770",27,"",36,432,"US","Cherbourg","New York, New York, US","US","5","Yes"
"1061",1061,NA,3,"Hellstrom, Miss. Hilda Maria",28,"female",0,0,"7548",8,"",22,264,"Sweden","Southampton","Evanston, Illinois, US","US","C","Yes"
"1062",1062,NA,3,"Lithman, Mr. Simon",18,"male",0,0,"S.O./P.P. 251",7,"",26,312,"Scotland","Southampton","New York City","US","","No"
"1063",1063,NA,3,"Zakarian, Mr. Ortin",19,"male",0,0,"2670",7,"",27,324,"Turkey","Cherbourg","Brantford, Ontario, Canada","Canada","","No"
"1064",1064,NA,3,"Dyker, Mr. Adolf Fredrik",24,"male",1,0,"347072",13,"",23,276,"US","Southampton","New Haven, Connecticut, US","US","","No"
"1065",1065,NA,3,"Torfa, Mr. Assad",16,"male",0,0,"2673",7,"",20,240,"Syria","Cherbourg","New York City","US","","No"
"1066",1066,NA,3,"Asplund, Mr. Carl Oscar Vilhelm Gustafsson",42,"male",1,5,"347077",31,"",40,480,"Sweden","Southampton","Worcester, Massachusetts, US","US","","No"
"1067",1067,NA,2,"Brown, Miss. Edith Eileen",25,"female",0,2,"29750",39,"",15,180,"South Africa","Southampton","Seattle, Washington, US","US","14","Yes"
"1068",1068,NA,2,"Sincock, Miss. Maude",20,"female",0,0,"C.A. 33112",36,"",20,240,"England","Southampton","Hancock, Michigan, US","US","11","Yes"
"1069",1069,NA,1,"Stengel, Mr. Charles Emil Henry",31,"male",1,0,"11778",55,"C116",54,648,"US","Cherbourg","Newark, New Jersey, US","US","1","Yes"
"1070",1070,NA,2,"Becker, Mrs. Allen Oliver ",26,"female",0,3,"230136",39,"F4",35,420,"British India","Southampton","Benton Harbor, Michigan, US","US","11","Yes"
"1071",1071,NA,1,"Compton, Mrs. Alexander Taylor ",31,"female",0,2,"PC 17756",83,"E45",64,768,"US","Cherbourg","Lakewood, New Jersey, US","US","14","Yes"
"1072",1072,NA,2,"McCrie, Mr. James Matthew",25,"male",0,0,"233478",13,"",32,384,"Canada","Southampton","Sarnia, Ontario, Canada","Canada","","No"
"1073",1073,NA,1,"Compton, Mr. Alexander Taylor Jr",32,"male",1,1,"PC 17756",83,"E52",37,444,"US","Cherbourg","Lakewood, New Jersey, US","US","","No"
"1074",1074,NA,1,"Marvin, Mrs. Daniel Warner ",27,"female",1,0,"113773",53,"D30",18,216,"US","Southampton","New York, New York, US","US","10","Yes"
"1075",1075,NA,3,"Lane, Mr. Patrick",17,"male",0,0,"7935",7,"",16,192,"Ireland","Queenstown","New York City","US","","No"
"1076",1076,NA,1,"Douglas, Mrs. Frederick Charles ",32,"female",1,1,"PC 17558",247,"B58 B60",27,324,"Canada","Cherbourg","Montreal, Quebec, Canada","Canada","6","Yes"
"1077",1077,NA,2,"Maybery, Mr. Frank Hubert",25,"male",0,0,"239059",16,"",36,432,"England","Southampton","Moose Jaw, Saskatchewan, Canada","Canada","","No"
"1078",1078,NA,2,"Phillips, Miss. Alice Frances Louisa",36,"female",0,1,"S.O./P.P. 2",21,"",21,252,"England","Southampton","New Brighton, Pennsylvania, US","US","12","Yes"
"1079",1079,NA,3,"Davies, Mr. Joseph",18,"male",2,0,"A/4 48873",8,"",17,204,"England","Southampton","Pontiac, Michigan, US","US","","No"
"1080",1080,NA,3,"Sage, Miss. Ada",15,"female",8,2,"CA. 2343",69,"",10,120,"England","Southampton","Jacksonville, Florida, US","US","","No"
"1081",1081,NA,2,"Veal, Mr. James",15,"male",0,0,"28221",13,"",40,480,"US","Southampton","Barre, Vermont, US","US","","No"
"1082",1082,NA,2,"Angle, Mr. William A",20,"male",1,0,"226875",26,"",32,384,"England","Southampton","New York City","US","","No"
"1083",1083,NA,1,"Salomon, Mr. Abraham L",22,"male",0,0,"111163",26,"",43,516,"US","Cherbourg","New York, New York, US","US","1","Yes"
"1084",1084,NA,3,"van Billiard, Master. Walter John",33,"male",1,1,"A/5. 851",14,"",9,108,"England","Southampton","North Wales, Pennsylvania, US","US","","No"
"1085",1085,NA,2,"Lingane, Mr. John",17,"male",0,0,"235509",12,"",61,732,"US","Southampton","Chelsea, Michigan, US","US","","No"
"1086",1086,NA,2,"Drew, Master. Marshall Brines",29,"male",0,2,"28220",32,"",8,96,"US","Southampton","Greenport, New York, US","US","10","Yes"
"1087",1087,NA,3,"Karlsson, Mr. Julius Konrad Eugen",33,"male",0,0,"347465",7,"",33,396,"Sweden","Southampton","New York City","US","","No"
"1088",1088,NA,1,"Spedden, Master. Robert Douglas",31,"male",0,2,"16966",134,"E34",6,72,"US","Cherbourg","Tuxedo Park, New York, US","US","3","Yes"
"1089",1089,NA,3,"Nilsson, Miss. Berta Olivia",27,"female",0,0,"347066",7,"",18,216,"Sweden","Southampton","Missoula, Montana, US","US","D","Yes"
"1090",1090,NA,2,"Baimbrigge, Mr. Charles Robert",30,"male",0,0,"C.A. 31030",10,"",23,276,"Channel Islands","Southampton","New York City","US","","No"
"1091",1091,NA,3,"Rasmussen, Mrs. ",16,"female",0,0,"65305",8,"",62,744,"Norway","Southampton","Centerville, South Dakota, US","US","","No"
"1092",1092,NA,3,"Murphy, Miss. Nora",18,"female",0,0,"36568",15,"",34,408,"Ireland","Queenstown","New York City","US","16","Yes"
"1093",1093,NA,3,"Danbom, Master. Gilbert Sigvard Emanuel",39,"male",0,2,"347080",14,"",0.33,4,"Sweden","Southampton","Stanton, Iowa, US","US","","No"
"1094",1094,NA,1,"Astor, Col. John Jacob",22,"male",1,0,"PC 17757",227,"C62 C64",47,564,"US","Cherbourg","New York, New York, US","US","","No"
"1095",1095,NA,2,"Quick, Miss. Winifred Vera",26,"female",1,1,"26360",26,"",8,96,"England","Southampton","Detroit, Michigan, US","US","11","Yes"
"1096",1096,NA,2,"Andrew, Mr. Frank Thomas",24,"male",0,0,"C.A. 34050",10,"",30,360,"England","Southampton","Houghton, Michigan, US","US","","No"
"1097",1097,NA,1,"Omont, Mr. Alfred Fernand",25,"male",0,0,"F.C. 12998",25,"",29,348,"France","Cherbourg","New York, New York, US","US","7","Yes"
"1098",1098,NA,3,"McGowan, Miss. Katherine",24,"female",0,0,"9232",7,"",42,504,"Ireland","Queenstown","Chicago, Illinois, US","US","","No"
"1099",1099,NA,2,"Collett, Mr. Sidney C Stuart",28,"male",0,0,"28034",10,"",25,300,"England","Southampton","Port Byron, New York, US","US","9","Yes"
"1100",1100,NA,1,"Rosenbaum, Miss. Edith Louise",29,"female",0,0,"PC 17613",27,"A11",34,408,"France","Cherbourg","Cincinnati, Ohio, US","US","11","Yes"
"1101",1101,NA,3,"Delalic, Mr. Redjo",18,"male",0,0,"349250",7,"",25,300,"Bosnia","Southampton","Harrisburg, Pennsylvania, US","US","","No"
"1102",1102,NA,3,"Andersen, Mr. Albert Karvin",27,"male",0,0,"C 4001",22,"",33,396,"Norway","Southampton","New York City","US","","No"
"1103",1103,NA,3,"Finoli, Mr. Luigi",17,"male",0,0,"SOTON/O.Q. 3101308",7,"",34,408,"US","Southampton","Philadelphia, Pennsylvania, US","US","15","Yes"
"1104",1104,NA,2,"Deacon, Mr. Percy William",25,"male",0,0,"S.O.C. 14879",73,"",20,240,"England","Southampton","Boston, Massachusetts, US","US","","No"
"1105",1105,NA,2,"Howard, Mrs. Benjamin ",22,"female",1,0,"24065",26,"",60,720,"England","Southampton","Idaho, US","US","","No"
"1106",1106,NA,3,"Andersson, Miss. Ida Augusta Margareta",38,"female",4,2,"347091",7,"",38,456,"Sweden","Southampton","Manistee, Michigan, US","US","","No"
"1107",1107,NA,1,"Head, Mr. Christopher",21,"male",0,0,"113038",42,"B11",42,504,"England","Southampton","New York, New York, US","US","","No"
"1108",1108,NA,3,"Mahon, Miss. Bridget Delia",26,"female",0,0,"330924",7,"",20,240,"Ireland","Queenstown","New York City","US","","No"
"1109",1109,NA,1,"Wick, Mr. George Dennick",24,"male",1,1,"36928",164,"",58,696,"US","Southampton","Youngstown, Ohio, US","US","","No"
"1110",1110,NA,1,"Widener, Mrs. George Dunton ",28,"female",1,1,"113503",211,"C80",50,600,"US","Southampton","Philadelphia, Pennsylvania, US","US","4","Yes"
"1111",1111,NA,3,"Thomson, Mr. Alexander Morrison",31,"male",0,0,"32302",8,"",36,432,"Scotland","Southampton","New York City","US","","No"
"1112",1112,NA,2,"Duran y More, Miss. Florentina",30,"female",1,0,"SC/PARIS 2148",13,"",30,360,"Spain","Cherbourg","Havana, Cuba","Cuba","12","Yes"
"1113",1113,NA,3,"Reynolds, Mr. Harold J",22,"male",0,0,"342684",8,"",21,252,"England","Southampton","Toronto, Ontario, Canada","Canada","","No"
"1114",1114,NA,2,"Cook, Mrs. ",11,"female",0,0,"W./C. 14266",10,"F33",22,264,"England","Southampton","New York City","US","14","Yes"
"1115",1115,NA,3,"Karlsson, Mr. Einar Gervasius",29,"male",0,0,"350053",7,"",21,252,"Sweden","Southampton","Brooklyn, New York, US","US","13","Yes"
"1116",1116,NA,1,"Candee, Mrs. Edward ",20,"female",0,0,"PC 17606",27,"",53,636,"US","Cherbourg","Washington, DC, US","US","6","Yes"
"1117",1117,NA,3,"Moubarek, Mrs. George ",22,"female",0,2,"2661",15,"",24,288,"Lebanon","Cherbourg","Houtzdale, Pennsylvania, US","US","C","Yes"
"1118",1118,NA,3,"Asplund, Mr. Johan Charles",26,"male",0,0,"350054",7,"",23,276,"Sweden","Southampton","Minneapolis, Minnesota, US","US","13","Yes"
"1119",1119,NA,3,"McNeill, Miss. Bridget",22,"female",0,0,"370368",7,"",27,324,"Ireland","Queenstown","New York City","US","","No"
"1120",1120,NA,3,"Everett, Mr. Thomas James",25,"male",0,0,"C.A. 6212",15,"",39,468,"England","Southampton","Troy, New York, US","US","","No"
"1121",1121,NA,2,"Hocking, Mr. Samuel James Metcalfe",34,"male",0,0,"242963",13,"",36,432,"England","Southampton","Middletown, Connecticut, US","US","","No"
"1122",1122,NA,2,"Sweet, Mr. George Frederick",27,"male",0,0,"220845",65,"",14,168,"England","Southampton","Bernardsville, New Jersey, US","US","","No"
"1123",1123,NA,1,"Willard, Miss. Constance",24,"female",0,0,"113795",26,"",21,252,"US","Southampton","Duluth, Minnesota, US","US","8","Yes"
"1124",1124,NA,3,"Wiklund, Mr. Karl Johan",23,"male",1,0,"3101266",6,"",21,252,"Finland","Southampton","Montreal, Quebec, Canada","Canada","","No"
"1125",1125,NA,3,"Linehan, Mr. Michael",20,"male",0,0,"330971",7,"",21,252,"Ireland","Queenstown","New York City","US","","No"
"1126",1126,NA,1,"Cumings, Mr. John Bradley",25,"male",1,0,"PC 17599",71,"C85",39,468,"US","Cherbourg","New York, New York, US","US","","No"
"1127",1127,NA,3,"Vendel, Mr. Olof Edvin",22,"male",0,0,"350416",7,"",29,348,"Sweden","Southampton","St. Paul, Minnesota, US","US","","No"
"1128",1128,NA,1,"Warren, Mr. Frank Manley",24,"male",1,0,"110813",75,"D37",63,756,"US","Cherbourg","Portland, Oregon, US","US","","No"
"1129",1129,NA,3,"Baccos, Mr. Raffull",19,"male",0,0,"2679",7,"",20,240,"Lebanon","Cherbourg","New York City","US","","No"
"1130",1130,NA,2,"Hiltunen, Miss. Marta",21,"female",1,1,"250650",13,"",18,216,"Russia","Southampton","Detroit, Michigan, US","US","","No"
"1131",1131,NA,1,"Douglas, Mrs. Walter Donald ",28,"female",1,0,"PC 17761",106,"C86",48,576,"US","Cherbourg","Minneapolis, Minnesota, US","US","2","Yes"
"1132",1132,NA,1,"Lindstrom, Mrs. Carl Johan ",27,"female",0,0,"112377",27,"",55,660,"Sweden","Cherbourg","New York, New York, US","US","6","Yes"
"1133",1133,NA,2,"Christy, Mrs. ",14,"female",0,2,"237789",30,"",45,540,"England","Southampton","Montreal, Quebec, Canada","Canada","12","Yes"
"1134",1134,NA,1,"Spedden, Mr. Frederic Oakley",28,"male",1,1,"16966",134,"E34",45,540,"US","Cherbourg","Tuxedo Park, New York, US","US","3","Yes"
"1135",1135,NA,3,"Hyman, Mr. Abraham",18,"male",0,0,"3470",7,"",34,408,"England","Southampton","Springfield, Massachusetts, US","US","C","Yes"
"1136",1136,NA,3,"Johnston, Master. William Arthur Willie",39,"male",1,2,"W./C. 6607",23,"",8,96,"England","Southampton","New London, Connecticut, US","US","","No"
"1137",1137,NA,1,"Kenyon, Mr. Frederick R",23,"male",1,0,"17464",51,"D21",41,492,"US","Southampton","Pittsburgh, Pennsylvania, US","US","","No"
"1138",1138,NA,2,"Karnes, Mrs. J Frank ",21,"female",0,0,"F.C.C. 13534",21,"",28,336,"US","Southampton","Pittsburgh, Pennsylvania, US","US","","No"
"1139",1139,NA,2,"Drew, Mr. James Vivian",22,"male",1,1,"28220",32,"",42,504,"US","Southampton","Greenport, New York, US","US","","No"
"1140",1140,NA,2,"Hold, Mrs. Stephen ",19,"female",1,0,"26707",26,"",29,348,"England","Southampton","Sacramento, California, US","US","10","Yes"
"1141",1141,NA,3,"Khalil, Mrs. Betros ",20,"female",1,0,"2660",14,"",20,240,"Lebanon","Cherbourg","Wilkes Barre, Pennsylvania, US","US","","No"
"1142",1142,NA,2,"West, Miss. Barbara J",21,"female",1,2,"C.A. 34651",27,"",0.83,10,"England","Southampton","Gainesville, Florida, US","US","10","Yes"
"1143",1143,NA,3,"Abrahamsson, Mr. Abraham August Johannes",40,"male",0,0,"SOTON/O2 3101284",7,"",20,240,"Finland","Southampton","Hoboken, New Jersey, US","US","15","Yes"
"1144",1144,NA,1,"Clark, Mr. Walter Miller",24,"male",1,0,"13508",136,"C89",27,324,"US","Cherbourg","Los Angeles, California, US","US","","No"
"1145",1145,NA,3,"Salander, Mr. Karl Johan",24,"male",0,0,"7266",9,"",24,288,"Sweden","Southampton","Red Wing, Minnesota, US","US","","No"
"1146",1146,NA,3,"Wenzel, Mr. Linhart",19,"male",0,0,"345775",9,"",27,324,"Austria","Southampton","New York City","US","","No"
"1147",1147,NA,3,"MacKay, Mr. George William",26,"male",0,0,"C.A. 42795",7,"",20,240,"England","Southampton","Rochester, New York, US","US","","No"
"1148",1148,NA,3,"Mahon, Mr. John",15,"male",0,0,"AQ/4 3130",7,"",22,264,"Ireland","Queenstown","Patterson, New Jersey, US","US","","No"
"1149",1149,NA,3,"Niklasson, Mr. Samuel",21,"male",0,0,"363611",8,"",28,336,"Sweden","Southampton","New York City","US","","No"
"1150",1150,NA,2,"Bentham, Miss. Lilian W",23,"female",0,0,"28404",13,"",19,228,"US","Southampton","Rochester, New York, US","US","12","Yes"
"1151",1151,NA,3,"Midtsjo, Mr. Karl Albert",24,"male",0,0,"345501",7,"",21,252,"Norway","Southampton","Chicago, Illinois, US","US","15","Yes"
"1152",1152,NA,3,"de Messemaeker, Mr. Guillaume Joseph",36,"male",1,0,"345572",17,"",36,432,"US","Southampton","Tampico, Montana, US","US","15","Yes"
"1153",1153,NA,3,"Nilsson, Mr. August Ferdinand",29,"male",0,0,"350410",7,"",21,252,"Sweden","Southampton","St. Paul, Minnesota, US","US","","No"
"1154",1154,NA,2,"Wells, Mrs. Arthur Henry ",25,"female",0,2,"29103",23,"",29,348,"England","Southampton","Akron, Ohio, US","US","14","Yes"
"1155",1155,NA,3,"Klasen, Miss. Gertrud Emilia",28,"female",1,1,"350405",12,"",1,12,"Sweden","Southampton","New York City","US","","No"
"1156",1156,NA,2,"Portaluppi, Mr. Emilio Ilario Giuseppe",38,"male",0,0,"C.A. 34644",12,"",34,408,"US","Southampton","Milford, New Hampshire, US","US","14","Yes"
"1157",1157,NA,3,"Lyntakoff, Mr. Stanko",21,"male",0,0,"349235",7,"",44,528,"Bulgaria","Southampton","Coon Rapids, Iowa, US","US","","No"
"1158",1158,NA,1,"Chisholm, Mr. Roderick Robert Crispin",37,"male",0,0,"112051",0,"",40,480,"Ireland","Belfast","New York, New York, US","US","","No"
"1159",1159,NA,3,"Warren, Mr. Charles William",27,"male",0,0,"C.A. 49867",7,"",30,360,"England","Southampton","New York City","US","","No"
"1160",1160,NA,3,"Howard, Miss. May Elizabeth",27,"female",0,0,"A. 2. 39186",8,"",27,324,"England","Southampton","Albion, Michigan, US","US","C","Yes"
"1161",1161,NA,3,"Pokrnic, Mr. Mate",17,"male",0,0,"315095",8,"",17,204,"Croatia","Southampton","Chicago, Illinois, US","US","","No"
"1162",1162,NA,1,"McCaffry, Mr. Thomas Francis",28,"male",0,0,"13050",75,"C6",46,552,"Canada","Southampton","Vancouver, British Columbia, Canada","Canada","","No"
"1163",1163,NA,3,"Fox, Mr. Patrick",16,"male",0,0,"368573",7,"",28,336,"Ireland","Queenstown","New York City","US","","No"
"1164",1164,NA,1,"Clark, Mrs. Walter Miller ",26,"female",1,0,"13508",136,"C89",26,312,"US","Cherbourg","Los Angeles, California, US","US","4","Yes"
"1165",1165,NA,3,"Lennon, Miss. Mary",18,"female",1,0,"370371",15,"",18,216,"Ireland","Queenstown","New York City","US","","No"
"1166",1166,NA,3,"Saade, Mr. Jean Nassr",21,"male",0,0,"2676",7,"",20,240,"Lebanon","Cherbourg","New York City","US","","No"
"1167",1167,NA,2,"Bryhl, Miss. Dagmar Jenny Ingeborg ",35,"female",1,0,"236853",26,"",20,240,"Sweden","Southampton","Rockford, Illinois, US","US","12","Yes"
"1168",1168,NA,2,"Parker, Mr. Clifford Richard",28,"male",0,0,"SC 14888",10,"",28,336,"Channel Islands","Southampton","New York City","US","","No"
"1169",1169,NA,2,"Faunthorpe, Mr. Harry",21,"male",1,0,"2926",26,"",40,480,"England","Southampton","Philadelphia, Pennsylvania, US","US","","No"
"1170",1170,NA,2,"Ware, Mr. John James",20,"male",1,0,"CA 31352",21,"",45,540,"England","Southampton","New Britain, Connecticut, US","US","","No"
"1171",1171,NA,2,"Oxenham, Mr. Percy Thomas",25,"male",0,0,"W./C. 14260",10,"",22,264,"England","Southampton","North Bergen, New Jersey, US","US","13","Yes"
"1172",1172,NA,3,"Oreskovic, Miss. Jelka",22,"female",0,0,"315085",8,"",23,276,"Croatia","Southampton","Chicago, Illinois, US","US","","No"
"1173",1173,NA,3,"Peacock, Master. Alfred Edward",30,"male",1,1,"SOTON/O.Q. 3101315",13,"",0.58,7,"England","Southampton","Elizabeth, New Jersey, US","US","","No"
"1174",1174,NA,3,"Fleming, Miss. Honora",21,"female",0,0,"364859",7,"",22,264,"Ireland","Queenstown","New York City","US","","No"
"1175",1175,NA,3,"Touma, Miss. Maria Youssef",26,"female",1,1,"2650",15,"",9,108,"Lebanon","Cherbourg","Dowagiac, Michigan, US","US","C","Yes"
"1176",1176,NA,3,"Rosblom, Miss. Salli Helena",27,"female",1,1,"370129",20,"",2,24,"Finland","Southampton","Astoria, Oregon, US","US","","No"
"1177",1177,NA,3,"Dennis, Mr. William",19,"male",0,0,"A/5 21175",7,"",26,312,"England","Southampton","Saskatoon, Saskatchewan, Canada","Canada","","No"
"1178",1178,NA,3,"Franklin, Mr. Charles ",22,"male",0,0,"SOTON/O.Q. 3101314",7,"",38,456,"England","Cherbourg","Canada","Canada","","No"
"1179",1179,NA,1,"Snyder, Mr. John Pillsbury",26,"male",1,0,"21228",82,"B45",24,288,"US","Southampton","Minneapolis, Minnesota, US","US","7","Yes"
"1180",1180,NA,3,"Mardirosian, Mr. Sarkis",23,"male",0,0,"2655",7,"F E46",25,300,"Turkey","Cherbourg","Brantford, Ontario, Canada","Canada","","No"
"1181",1181,NA,3,"Ford, Mr. Arthur",16,"male",0,0,"A/5 1478",8,"",22,264,"England","Southampton","Elmira, New York, US","US","","No"
"1182",1182,NA,1,"Rheims, Mr. George Alexander Lucien",35,"male",0,0,"PC 17607",39,"",36,432,"France","Southampton","New York, New York, US","US","A","Yes"
"1183",1183,NA,3,"Daly, Miss. Margaret Marcella Maggie",36,"female",0,0,"382650",6,"",30,360,"Ireland","Queenstown","New York City","US","15","Yes"
"1184",1184,NA,3,"Nasr, Mr. Mustafa",17,"male",0,0,"2652",7,"",20,240,"Lebanon","Cherbourg","New York City","US","","No"
"1185",1185,NA,1,"Dodge, Dr. Washington",21,"male",1,1,"33638",81,"A34",52,624,"US","Southampton","San Francisco, California, US","US","13","Yes"
"1186",1186,NA,3,"Wittevrongel, Mr. Camille",25,"male",0,0,"345771",9,"",36,432,"Belgium","Southampton","Detroit, Michigan, US","US","","No"
"1187",1187,NA,3,"Angheloff, Mr. Minko",20,"male",0,0,"349202",7,"",26,312,"Bulgaria","Southampton","Chicago, Illinois, US","US","","No"
"1188",1188,NA,2,"Laroche, Miss. Louise",21,"female",1,2,"SC/Paris 2123",41,"",1,12,"France","Cherbourg","Cap-Ha??tien, Haiti","Haiti","14","Yes"
"1189",1189,NA,3,"Samaan, Mr. Hanna",17,"male",2,0,"2662",21,"",40,480,"Lebanon","Cherbourg","Wilkes-Barre, Pennsylvania, US","US","","No"
"1190",1190,NA,1,"Loring, Mr. Joseph Holland",26,"male",0,0,"113801",45,"",30,360,"England","Southampton","New York, New York, US","US","","No"
"1191",1191,NA,3,"Johansson, Mr. Nils",19,"male",0,0,"347467",7,"",29,348,"US","Southampton","Chicago, Illinois, US","US","","No"
"1192",1192,NA,3,"Olsson, Mr. Oscar Wilhelm",25,"male",0,0,"347079",7,"",32,384,"Sweden","Southampton","Manitowoc, Wisconsin, US","US","A","Yes"
"1193",1193,NA,2,"Malachard, Mr. Noel",19,"male",0,0,"237735",15,"D",25,300,"France","Cherbourg","New York City","US","","No"
"1194",1194,NA,2,"Phillips, Mr. Escott Robert",27,"male",0,1,"S.O./P.P. 2",21,"",42,504,"England","Southampton","New Brighton, Pennsylvania, US","US","","No"
"1195",1195,NA,3,"Pokrnic, Mr. Tome",17,"male",0,0,"315092",8,"",24,288,"Croatia","Southampton","Chicago, Illinois, US","US","","No"
"1196",1196,NA,3,"McCarthy, Miss. Catherine Katie",31,"female",0,0,"383123",7,"",24,288,"Ireland","Queenstown","Bayonne, New Jersey, US","US","","No"
"1197",1197,NA,1,"Crosby, Mrs. Edward Gifford ",28,"female",1,1,"112901",26,"B26",64,768,"US","Southampton","Milwaukee, Wisconsin, US","US","7","Yes"
"1198",1198,NA,1,"Allison, Mr. Hudson Joshua Creighton",36,"male",1,2,"113781",151,"C22 C26",30,360,"Canada","Southampton","Montreal, Quebec, Canada","Canada","","No"
"1199",1199,NA,3,"Aks, Master. Philip Frank",25,"male",0,1,"392091",9,"",0.83,10,"England","Southampton","Norfolk, Virginia, US","US","11","Yes"
"1200",1200,NA,1,"Hays, Mr. Charles Melville",26,"male",1,1,"12749",93,"B69",55,660,"Canada","Southampton","Montreal, Quebec, Canada","Canada","","No"
"1201",1201,NA,3,"Hansen, Mrs. Claus Peter ",25,"female",1,0,"350026",14,"",45,540,"US","Southampton","Racine, Wisconsin, US","US","11","Yes"
"1202",1202,NA,3,"Cacic, Mr. Jego Grga",20,"male",0,0,"315091",8,"",18,216,"Croatia","Southampton","Chicago, Illinois, US","US","","No"
"1203",1203,NA,3,"Vartanian, Mr. David",20,"male",0,0,"2658",7,"",22,264,"Turkey","Cherbourg","Brantford, Ontario, Canada","Canada","13","Yes"
"1204",1204,NA,3,"Sadowitz, Mr. Harry",19,"male",0,0,"LP 1588",7,"",17,204,"England","Southampton","Providence, Rhode Island, US","US","","No"
"1205",1205,NA,3,"Carr, Miss. Jeannie",19,"female",0,0,"368364",7,"",47,564,"Ireland","Queenstown","Hartford, Connecticut, US","US","","No"
"1206",1206,NA,1,"White, Mrs. John Stuart ",24,"female",0,0,"PC 17760",135,"C32",55,660,"US","Cherbourg","New York, New York, US","US","8","Yes"
"1207",1207,NA,3,"Hagardon, Miss. Kate",20,"female",0,0,"AQ/3. 30631",7,"",17,204,"Ireland","Queenstown","New York City","US","","No"
"1208",1208,NA,1,"Spencer, Mr. William Augustus",29,"male",1,0,"PC 17569",146,"B78",57,684,"US","Cherbourg","New York, New York, US","US","","No"
"1209",1209,NA,2,"Rogers, Mr. Reginald Harry",26,"male",0,0,"28004",10,"",18,216,"England","Southampton","Wilkes Barre, Pennsylvania, US","US","","No"
"1210",1210,NA,3,"Jonsson, Mr. Nils Hilding",25,"male",0,0,"350408",7,"",27,324,"Sweden","Southampton","New York City","US","","No"
"1211",1211,NA,2,"Jefferys, Mr. Ernest Wilfred",28,"male",2,0,"C.A. 31029",31,"",22,264,"Channel Islands","Southampton","Elizabeth, New Jersey, US","US","","No"
"1212",1212,NA,3,"Andersson, Mr. Johan Samuel",27,"male",0,0,"347075",7,"",26,312,"US","Southampton","Hartford, Connecticut, US","US","","No"
"1213",1213,NA,3,"Krekorian, Mr. Neshan",21,"male",0,0,"2654",7,"F E57",25,300,"Turkey","Cherbourg","Brantford, Ontario, Canada","Canada","10","Yes"
"1214",1214,NA,2,"Nesson, Mr. Israel",18,"male",0,0,"244368",13,"F2",26,312,"England","Southampton","Boston, Massachusetts, US","US","","No"
"1215",1215,NA,1,"Rowe, Mr. Alfred G",18,"male",0,0,"113790",26,"",59,708,"England","Southampton","New York, New York, US","US","","No"
"1216",1216,NA,1,"Kreuchen, Miss. Emilie",22,"female",0,0,"24160",211,"",29,348,"US","Southampton","St Louis, Missouri, US","US","2","Yes"
"1217",1217,NA,3,"Assam, Mr. Ali",14,"male",0,0,"SOTON/O.Q. 3101309",7,"",23,276,"Argentina","Southampton","New York City","US","","No"
"1218",1218,NA,2,"Becker, Miss. Ruth Elizabeth",28,"female",2,1,"230136",39,"F4",12,144,"British India","Southampton","Benton Harbor, Michigan, US","US","13","Yes"
"1219",1219,NA,1,"Rosenshine, Mr. George ",23,"male",0,0,"PC 17585",79,"",46,552,"US","Cherbourg","New York, New York, US","US","","No"
"1220",1220,NA,2,"Clarke, Mr. Charles Valentine",29,"male",1,0,"2003",26,"",29,348,"England","Southampton","San Francisco, California, US","US","","No"
"1221",1221,NA,2,"Enander, Mr. Ingvar",19,"male",0,0,"236854",13,"",21,252,"Sweden","Southampton","Rockford, Illinois, US","US","","No"
"1222",1222,NA,2,"Davies, Mrs. John Morgan ",25,"female",0,2,"C.A. 33112",36,"",48,576,"England","Southampton","Houghton, Michigan, US","US","14","Yes"
"1223",1223,NA,1,"Dulles, Mr. William Crothers",28,"male",0,0,"PC 17580",29,"A18",39,468,"US","Cherbourg","Philadelphia, Pennsylvania, US","US","","No"
"1224",1224,NA,3,"Thomas, Mr. Tannous",19,"male",0,0,"2684",7,"",16,192,"Lebanon","Cherbourg","Columbus, Ohio, US","US","","No"
"1225",1225,NA,3,"Nakid, Mrs. Said ",17,"female",1,1,"2653",15,"",19,228,"Lebanon","Cherbourg","Waterbury, Connecticut, US","US","C","Yes"
"1226",1226,NA,3,"Cor, Mr. Ivan",13,"male",0,0,"349229",7,"",27,324,"Croatia","Southampton","Great Falls, Montana, US","US","","No"
"1227",1227,NA,1,"Maguire, Mr. John Edward",24,"male",0,0,"110469",26,"C106",30,360,"US","Southampton","Brockton, Massachusetts, US","US","","No"
"1228",1228,NA,2,"de Brito, Mr. Jose Joaquim",26,"male",0,0,"244360",13,"",32,384,"Portugal","Southampton","S?œo Paulo, Brazil","Brazil","","No"
"1229",1229,NA,3,"Elias, Mr. Joseph",17,"male",0,2,"2675",7,"",29.42,351,"","","","","","No"
"1230",1230,NA,2,"Denbury, Mr. Herbert",20,"male",0,0,"C.A. 31029",31,"",25,300,"Channel Islands","Southampton","Elizabeth, New Jersey, US","US","","No"
"1231",1231,NA,3,"Betros, Master. Seman",21,"male",0,0,"2622",7,"",10,120,"Lebanon","Cherbourg","Wilkes Barre, Pennsylvania, US","US","","No"
"1232",1232,NA,2,"Fillbrook, Mr. Joseph Charles",29,"male",0,0,"C.A. 15185",10,"",18,216,"England","Southampton","Houghton, Michigan, US","US","","No"
"1233",1233,NA,3,"Lundstrom, Mr. Thure Edvin",26,"male",0,0,"350403",7,"",32,384,"Sweden","Southampton","Los Angeles, US","US","15","Yes"
"1234",1234,NA,3,"Sage, Mr. John George",21,"male",1,9,"CA. 2343",69,"",44,528,"England","Southampton","Jacksonville, Florida, US","US","","No"
"1235",1235,NA,1,"Cardeza, Mrs. James Warburton Martinez ",39,"female",0,1,"PC 17755",512,"B51 B53 B55",58,696,"US","Cherbourg","Germantown, Pennsylvania, US","US","3","Yes"
"1236",1236,NA,3,"van Billiard, Master. James William",35,"male",1,1,"A/5. 851",14,"",10,120,"England","Southampton","North Wales, Pennsylvania, US","US","","No"
"1237",1237,NA,3,"Abelseth, Miss. Karen Marie",27,"female",0,0,"348125",7,"",16,192,"Norway","Southampton","Los Angeles, California, US","US","16","Yes"
"1238",1238,NA,2,"Botsford, Mr. William Hull",26,"male",0,0,"237670",13,"",25,300,"US","Southampton","Orange, New Jersey, US","US","","No"
"1239",1239,NA,3,"Whabee, Mrs. George Joseph ",27,"female",0,0,"2688",7,"",22,264,"US","Cherbourg","Youngstown, Ohio, US","US","C","Yes"
"1240",1240,NA,2,"Giles, Mr. Ralph",16,"male",0,0,"248726",13,"",25,300,"England","Southampton","New York City","US","","No"
"1241",1241,NA,2,"Walcroft, Miss. Nellie",22,"female",0,0,"F.C.C. 13528",21,"",36,432,"England","Southampton","Mamaroneck, New York, US","US","14","Yes"
"1242",1242,NA,1,"Greenfield, Mrs. Leo David ",27,"female",0,1,"PC 17759",63,"D10 D12",45,540,"US","Cherbourg","New York, New York, US","US","7","Yes"
"1243",1243,NA,2,"Stokes, Mr. Philip Joseph",25,"male",0,0,"F.C.C. 13540",10,"",25,300,"England","Southampton","Detroit, Michigan, US","US","","No"
"1244",1244,NA,2,"Dibden, Mr. William",19,"male",0,0,"S.O.C. 14879",73,"",18,216,"England","Southampton","Eden, Manitoba, Canada","Canada","","No"
"1245",1245,NA,2,"Herman, Mr. Samuel",18,"male",1,2,"220845",65,"",49,588,"England","Southampton","Bernardsville, New Jersey, US","US","","No"
"1246",1246,NA,3,"Dean, Miss. Elizabeth Gladys Millvina",37,"female",1,2,"C.A. 2315",20,"",0.17,2,"England","Southampton","Wichita, Kansas, US","US","10","Yes"
"1247",1247,NA,1,"Julian, Mr. Henry Forbes",24,"male",0,0,"113044",26,"E60",50,600,"England","Southampton","San Francisco, US","US","","No"
"1248",1248,NA,1,"Brown, Mrs. John Murray ",24,"female",2,0,"11769",51,"C101",59,708,"US","Southampton","Belmont, Massachusetts, US","US","D","Yes"
"1249",1249,NA,3,"Lockyer, Mr. Edward",19,"male",0,0,"1222",7,"",21,252,"England","Southampton","Ontario, New York, US","US","","No"
"1250",1250,NA,3,"O'Keefe, Mr. Patrick",20,"male",0,0,"368402",7,"",22,264,"Ireland","Queenstown","New York City","US","B","Yes"
"1251",1251,NA,3,"Lindell, Mrs. Edvard Bengtsson ",31,"female",1,0,"349910",15,"",30,360,"Sweden","Southampton","Hartford, Connecticut, US","US","A","Yes"
"1252",1252,NA,3,"Sage, Master. William Henry",27,"male",8,2,"CA. 2343",69,"",13,156,"England","Southampton","Jacksonville, Florida, US","US","","No"
"1253",1253,NA,2,"Mallet, Mrs. Albert ",20,"female",1,1,"S.C./PARIS 2079",37,"",24,288,"Canada","Cherbourg","Montreal, Quebec, Canada","Canada","10","Yes"
"1254",1254,NA,2,"Ware, Mrs. John James ",22,"female",0,0,"CA 31352",21,"",31,372,"England","Southampton","New Britain, Connecticut, US","US","10","Yes"
"1255",1255,NA,3,"Strilic, Mr. Ivan",17,"male",0,0,"315083",8,"",27,324,"Croatia","Southampton","Chicago, Illinois, US","US","","No"
"1256",1256,NA,1,"Harder, Mrs. George Achilles ",29,"female",1,0,"11765",55,"E50",21,252,"US","Cherbourg","New York, New York, US","US","5","Yes"
"1257",1257,NA,3,"Sage, Mrs. John ",16,"female",1,9,"CA. 2343",69,"",44,528,"England","Southampton","Jacksonville, Florida, US","US","","No"
"1258",1258,NA,3,"Caram, Mr. Joseph",17,"male",1,0,"2689",14,"",28,336,"Syria","Cherbourg","Ottawa, Ontario, Canada","Canada","","No"
"1259",1259,NA,3,"Riihivouri, Miss. Susanna Juhantytar Sanni",42,"female",0,0,"3101295",39,"",22,264,"Finland","Southampton","Coal Center, Pennsylvania, US","US","","No"
"1260",1260,NA,1,"Gibson, Mrs. Leonard ",21,"female",0,1,"112378",59,"",44,528,"US","Cherbourg","New York, New York, US","US","7","Yes"
"1261",1261,NA,2,"Pallas y Castello, Mr. Emilio",29,"male",0,0,"SC/PARIS 2147",13,"",29,348,"Spain","Cherbourg","Havana, Cuba","Cuba","9","Yes"
"1262",1262,NA,2,"Giles, Mr. Edgar",16,"male",1,0,"28133",11,"",21,252,"England","Southampton","Camden, New Jersey, US","US","","No"
"1263",1263,NA,1,"Wilson, Miss. Helen Alice",25,"female",0,0,"16966",134,"E39 E41",31,372,"US","Cherbourg","Tuxedo Park, New York, US","US","3","Yes"
"1264",1264,NA,1,"Ismay, Mr. Joseph Bruce",23,"male",0,0,"112058",0,"B52 B54 B56",49,588,"England","Southampton","New York, New York, US","US","C","Yes"
"1265",1265,NA,2,"Harbeck, Mr. William H",22,"male",0,0,"248746",13,"",44,528,"US","Southampton","Montreal, Quebec, Canada","Canada","","No"
"1266",1266,NA,1,"Dodge, Mrs. Washington ",23,"female",1,1,"33638",81,"A34",34,408,"US","Southampton","San Francisco, California, US","US","5","Yes"
"1267",1267,NA,1,"Bowen, Miss. Grace Scott",24,"female",0,0,"PC 17608",262,"",45,540,"US","Cherbourg","Cooperstown, New York, US","US","4","Yes"
"1268",1268,NA,3,"Kink, Miss. Maria",17,"female",2,0,"315152",8,"",22,264,"Switzerland","Southampton","Milwaukee, Wisconsin, US","US","","No"
"1269",1269,NA,2,"Cotterill, Mr. Henry Harry",26,"male",0,0,"29107",11,"",20,240,"England","Southampton","Akron, Ohio, US","US","","No"
"1270",1270,NA,1,"Hipkins, Mr. William Edward",27,"male",0,0,"680",50,"C39",55,660,"England","Southampton","New York, New York, US","US","","No"
"1271",1271,NA,3,"Asplund, Master. Carl Edgar",27,"male",4,2,"347077",31,"",5,60,"Sweden","Southampton","Worcester, Massachusetts, US","US","","No"
"1272",1272,NA,3,"O'Connor, Mr. Patrick",21,"male",0,0,"366713",7,"",23,276,"Ireland","Queenstown","New York City","US","","No"
"1273",1273,NA,3,"Foley, Mr. Joseph",17,"male",0,0,"330910",7,"",19,228,"Ireland","Queenstown","Larchmont, New York, US","US","","No"
"1274",1274,NA,3,"Risien, Mrs. Samuel ",20,"female",0,0,"364498",14,"",58,696,"South Africa","Southampton","Groesbeck, Texas, US","US","","No"
"1275",1275,NA,3,"McNamee, Mrs. Neal ",19,"female",1,0,"376566",16,"",19,228,"England","Southampton","Philadelphia, Pennsylvania, US","US","","No"
"1276",1276,NA,2,"Wheeler, Mr. Edwin Frederick",28,"male",0,0,"SC/PARIS 2159",12,"",24,288,"England","Southampton","Asheville, North Carolina, US","US","","No"
"1277",1277,NA,2,"Herman, Miss. Kate",18,"female",1,2,"220845",65,"",24,288,"England","Southampton","Bernardsville, New Jersey, US","US","9","Yes"
"1278",1278,NA,3,"Aronsson, Mr. Ernst Axel Algot",30,"male",0,0,"349911",7,"",24,288,"Sweden","Southampton","Joliet, Illinois, US","US","","No"
"1279",1279,NA,2,"Ashby, Mr. John",15,"male",0,0,"244346",13,"",57,684,"US","Southampton","West Hoboken, New Jersey, US","US","","No"
"1280",1280,NA,3,"Canavan, Mr. Patrick",20,"male",0,0,"364858",7,"",21,252,"ireland","Queenstown","Philadelphia, Pennsylvania, US","US","","No"
"1281",1281,NA,3,"Palsson, Master. Paul Folke",27,"male",3,1,"349909",21,"",6,72,"Sweden","Southampton","Chicago, Illinois, US","US","","No"
"1282",1282,NA,1,"Payne, Mr. Vivian Ponsonby",26,"male",0,0,"12749",93,"B24",22,264,"Canada","Southampton","Montreal, Quebec, Canada","Canada","","No"
"1283",1283,NA,1,"Lines, Mrs. Ernest H ",21,"female",0,1,"PC 17592",39,"D28",50,600,"France","Cherbourg","Hanover, New Hampshire, US","US","9","Yes"
"1284",1284,NA,3,"Abbott, Master. Eugene Joseph",29,"male",0,2,"C.A. 2673",20,"",14,168,"US","Southampton","East Providence, Rhode Island, US","US","","No"
"1285",1285,NA,2,"Gilbert, Mr. William",20,"male",0,0,"C.A. 30769",10,"",47,564,"England","Southampton","Butte, Montana, US","US","","No"
"1286",1286,NA,3,"Kink-Heilmann, Mr. Anton",24,"male",3,1,"315153",22,"",29,348,"Switzerland","Southampton","Milwaukee, Wisconsin","US","2","Yes"
"1287",1287,NA,1,"Smith, Mrs. Lucien Philip ",26,"female",1,0,"13695",60,"C31",18,216,"US","Cherbourg","Huntington, West Virginia, US","US","6","Yes"
"1288",1288,NA,3,"Colbert, Mr. Patrick",20,"male",0,0,"371109",7,"",24,288,"Ireland","Queenstown","Sherbrooke, Quebec, Canada","Canada","","No"
"1289",1289,NA,1,"Frolicher-Stehli, Mrs. Maxmillian ",34,"female",1,1,"13567",79,"B41",48,576,"Switzerland","Cherbourg","New York, New York, US","US","5","Yes"
"1290",1290,NA,3,"Larsson-Rondberg, Mr. Edvard A",30,"male",0,0,"347065",7,"",22,264,"Sweden","Southampton","Missoula, Montana, US","US","","No"
"1291",1291,NA,3,"Conlon, Mr. Thomas Henry",24,"male",0,0,"21332",7,"",31,372,"US","Queenstown","Philadelphia, Pennsylvania, US","US","","No"
"1292",1292,NA,1,"Bonnell, Miss. Caroline",23,"female",0,0,"36928",164,"C7",30,360,"US","Southampton","Youngstown, Ohio, US","US","8","Yes"
"1293",1293,NA,2,"Gale, Mr. Harry",15,"male",1,0,"28664",21,"",38,456,"England","Southampton","Clear Creek, Colorado, US","US","","No"
"1294",1294,NA,1,"Gibson, Miss. Dorothy Winifred",30,"female",0,1,"112378",59,"",22,264,"US","Cherbourg","New York, New York, US","US","7","Yes"
"1295",1295,NA,1,"Carrau, Mr. Jose Pedro",22,"male",0,0,"113059",47,"",17,204,"Uruguay","Southampton","Montevideo, Uruguay","Uruguay","","No"
"1296",1296,NA,1,"Frauenthal, Mr. Isaac Gerald",28,"male",1,0,"17765",27,"D40",43,516,"England","Southampton","New York, New York, US","US","5","Yes"
"1297",1297,NA,2,"Nourney, Mr. Alfred ",20,"male",0,0,"SC/PARIS 2166",13,"D38",20,240,"Germany","Cherbourg","New York, New York, US","US","7","Yes"
"1298",1298,NA,2,"Ware, Mr. William Jeffery",25,"male",1,0,"28666",10,"",23,276,"England","Southampton","Butte, Montana, US","US","","No"
"1299",1299,NA,1,"Widener, Mr. George Dunton",26,"male",1,1,"113503",211,"C80",50,600,"US","Southampton","Philadelphia, Pennsylvania, US","US","","No"
"1300",1300,NA,3,"Riordan, Miss. Johanna Hannah",29,"female",0,0,"334915",7,"",18,216,"Ireland","Queenstown","New York City","US","13","Yes"
"1301",1301,NA,3,"Peacock, Miss. Treasteall",25,"female",1,1,"SOTON/O.Q. 3101315",13,"",4,48,"England","Southampton","Elizabeth, New Jersey, US","US","","No"
"1302",1302,NA,3,"Naughton, Miss. Hannah",22,"female",0,0,"365237",7,"",21,252,"Ireland","Queenstown","New York City","US","","No"
"1303",1303,NA,1,"Minahan, Mrs. William Edward ",29,"female",1,0,"19928",90,"C78",37,444,"US","Southampton","Fond du Lac, Wisconsin, US","US","14","Yes"
"1304",1304,NA,3,"Henriksson, Miss. Jenny Lovisa",30,"female",0,0,"347086",7,"",28,336,"Sweden","Southampton","Iron Mountain, Michigan, US","US","","No"
"1305",1305,NA,3,"Spector, Mr. Woolf",18,"male",0,0,"A.5. 3236",8,"",23,276,"England","Southampton","New York City","US","","No"
"1306",1306,NA,1,"Oliva y Ocana, Dona. Fermina",28,"female",0,0,"PC 17758",108,"C105",39,468,"Spain","Cherbourg","New York, New York, US","US","8","Yes"
"1307",1307,NA,3,"Saether, Mr. Simon Sivertsen",28,"male",0,0,"SOTON/O.Q. 3101262",7,"",43,516,"Norway","Southampton","US","US","","No"
"1308",1308,NA,3,"Ware, Mr. Frederick",19,"male",0,0,"359309",8,"",34,408,"England","Southampton","New York City","US","","No"
"1309",1309,NA,3,"Peter, Master. Michael J",24,"male",1,1,"2668",22,"",4,48,"Syria","Cherbourg","Detroit, Michigan, US","US","D","Yes"
